Epoch,Training loss,Validation loss,smoothed_val_loss,current_lr
1,0.47936598346016623,0.07416823959350585,0.07416823959350585,0.0005
2,0.17650942478179932,0.06421961708068848,0.07317337734222411,0.0005
3,0.14107702462022956,0.03543161849975586,0.06939920145797727,0.0005
4,0.1180434926293113,0.03347796173095703,0.06580707748527526,0.0005
5,0.10450929324843666,0.022688497352600097,0.06149521947200774,0.0005
6,0.09718493485017256,0.03664532814025879,0.05901023033883285,0.0005
7,0.09143772796934302,0.03856267738342285,0.05696547504329185,0.0005
8,0.08855621540329674,0.030067597007751464,0.05427568723973781,0.0005
9,0.08249865734360434,0.027779979515075683,0.051626116467271596,0.0005
10,0.08189480605342171,0.02113840579986572,0.04857734540053101,0.0005
11,0.08040416344729337,0.017734005165100097,0.04549301137698792,0.0005
12,0.07602614383264021,0.01845743179321289,0.04278945341861042,0.0005
13,0.07495425270904195,0.0739843521118164,0.04590894328793102,0.0005
14,0.07321387389789928,0.04194986724853516,0.04551303568399143,0.0005
15,0.07207250023104927,0.017235196113586426,0.04268525172695094,0.0005
16,0.06950215976454995,0.030399896240234377,0.041456716178279285,0.0005
17,0.07006562526876277,0.018755448913574217,0.03918658945180878,0.0005
18,0.07055656195337122,0.02625401840209961,0.037893332346837866,0.0005
19,0.06579081799117002,0.04447238731384277,0.03855123784353836,0.0005
20,0.06563143501281739,0.01702948656082153,0.036399062715266675,0.0005
21,0.0640933924111453,0.037131711959838866,0.03647232763972389,0.0005
22,0.06382956156080419,0.014826805210113526,0.03430777539676286,0.0005
23,0.06176355558091944,0.026110812759399415,0.03348807913302651,0.0005
24,0.06258843800804832,0.016847596740722656,0.031824030893796124,0.0005
25,0.06070326903083108,0.02806002082824707,0.031447629887241216,0.0005
26,0.061600224943594496,0.013493906211853028,0.029652257519702397,0.0005
27,0.06056997767795216,0.018661608123779296,0.02855319258011009,0.0005
28,0.05808736733523282,0.05009087181091309,0.03070696050319039,0.0005
29,0.0585966892155734,0.015120952892303467,0.029148359742101698,0.0005
30,0.05822869431105527,0.0175333065032959,0.02798685441822112,0.0005
31,0.057942711023850874,0.014601572895050048,0.02664832626590401,0.0005
32,0.05731859310973774,0.01612042455673218,0.02559553609498683,0.0005
33,0.05671567467992956,0.03686683502197265,0.026722665987685412,0.0005
34,0.05660703116980466,0.01214090633392334,0.025264490022309204,0.0005
35,0.05669468023126775,0.016986933612823486,0.024436734381360632,0.0005
36,0.05541772206696597,0.013477431297302247,0.023340804072954795,0.0005
37,0.055161707178029144,0.012173163890838622,0.02222404005474318,0.0005
38,0.05442487737482244,0.011591982460021973,0.02116083429527106,0.0005
39,0.0544767764785073,0.015191738986968994,0.020563924764440855,0.0005
40,0.05527662019296126,0.03137074356079102,0.02164460664407587,0.0005
41,0.053367048183354464,0.010785887050628662,0.02055873468473115,0.0005
42,0.05398452865860679,0.023293986320495605,0.020832259848307597,0.0005
43,0.05292221681204709,0.013536900806427003,0.020102723944119535,0.0005
44,0.05324131515893069,0.03467656364440918,0.021560107914148502,0.0005
45,0.052674567970362574,0.019862379837036134,0.021390335106437265,0.0005
46,0.05154700328653509,0.01476124095916748,0.020727425691710287,0.0005
47,0.05262947080568834,0.01174952507019043,0.0198296356295583,0.0005
48,0.0516446748863567,0.017286097717285155,0.019575281838330988,0.0005
49,0.050730231803113764,0.015225583934783935,0.019140312047976282,0.0005
50,0.05289880614063956,0.012164458656311035,0.01844272670880976,0.0005
51,0.050333347487449644,0.014002143383026123,0.017998668376231396,0.0005
52,0.05121244913881475,0.012340277862548828,0.01743282932486314,0.0005
53,0.050452111322229556,0.012838164710998535,0.01697336286347668,0.0005
54,0.050446296414462,0.012058302116394044,0.016481856788768418,0.0005
55,0.0499833282253959,0.013366411304473877,0.016170312240338963,0.0005
56,0.05016270426403392,0.02343707866668701,0.01689698888297377,0.0005
57,0.04998779311180115,0.010311211490631104,0.0162384111437395,0.0005
58,0.049391909436746075,0.0214629789352417,0.01676086792288972,0.0005
59,0.048784103460745375,0.007917351913452149,0.015876516321945963,0.0005
60,0.05036926170912656,0.03326692771911621,0.01761555746166299,0.0005
61,0.05001132953166962,0.009251201629638672,0.01677912187846056,0.0005
62,0.049958090088584206,0.012613135528564454,0.01636252324347095,0.0005
63,0.05014559243158861,0.014867096138000488,0.016212980532923905,0.0005
64,0.0488562270749699,0.01239436960220337,0.01583111943985185,0.0005
65,0.04747771215872331,0.014614469528198242,0.01570945444868649,0.0005
66,0.04835717712098902,0.009406157112121581,0.015079124715029998,0.0005
67,0.04883395011208274,0.01487496690750122,0.01505870893427712,0.0005
68,0.048312510453570975,0.021973747634887696,0.01575021280433818,0.0005
69,0.04787314453341744,0.011710089588165284,0.015346200482720888,0.0005
70,0.04776480495929718,0.010315991401672364,0.014843179574616037,0.0005
71,0.0483773518150503,0.010504147148132324,0.014409276331967666,0.0005
72,0.048759681510925294,0.011946558666229248,0.014163004565393825,0.0005
73,0.04717205178304152,0.021659819984436036,0.014912686107298047,0.0005
74,0.048603708106821235,0.04126594314575195,0.017548011811143436,0.0005
75,0.04827831909656525,0.012597637271881103,0.017052974357217202,0.0005
76,0.047653845357894895,0.013817046546936036,0.016729381576189084,0.0005
77,0.04689298369884491,0.015821126651763915,0.016638556083746567,0.0005
78,0.04785492254603993,0.009614362335205079,0.015936136708892417,0.0005
79,0.04718015015992251,0.010146866607666016,0.015357209698769778,0.0005
80,0.04731678883379156,0.008680611324310302,0.01468954986132383,0.0005
81,0.04654046434705908,0.013144148445129395,0.014535009719704386,0.0005
82,0.04692790123982863,0.009200825214385986,0.014001591269172546,0.0005
83,0.04678045873425224,0.012761901664733887,0.01387762230872868,0.0005
84,0.046516387579657814,0.013028694725036621,0.013792729550359473,0.0005
85,0.04592764469493519,0.00848553056716919,0.013262009652040446,0.0005
86,0.046754663489081645,0.01540140962600708,0.01347594964943711,0.0005
87,0.046133620179783216,0.023926438522338868,0.014520998536727284,0.0005
88,0.04629268237243999,0.014387662982940674,0.014507664981348624,0.0005
89,0.04573861685449427,0.016601762008666993,0.01471707468408046,0.0005
90,0.04589174246571281,0.009250101184844971,0.014170377334156912,0.0005
91,0.04602779605605385,0.02340800895690918,0.01509414049643214,0.0005
92,0.04569181566238403,0.009390020084381103,0.014523728455227036,0.0005
93,0.045904423282363195,0.02207834014892578,0.015279189624596911,0.0005
94,0.045838308780843565,0.010521461296081542,0.014803416791745374,0.0005
95,0.04527676359740171,0.024308578300476075,0.015753932942618443,0.0005
96,0.04541520551334728,0.019281584739685057,0.016106698122325104,0.0005
97,0.04568644898371263,0.013812454795837403,0.015877273789676332,0.0005
98,0.04412545738220215,0.012559539222717285,0.015545500332980428,0.0005
99,0.04611008898778395,0.008794821166992187,0.014870432416381604,0.0005
100,0.04573565475073728,0.009573292827606201,0.014340718457504065,0.0005
101,0.046511306073448874,0.011492651081085206,0.01405591171986218,0.0005
102,0.044940674953027206,0.009489275932312012,0.013599248141107162,0.0005
103,0.04441693928458474,0.010782140922546387,0.013317537419251084,0.0005
104,0.04554431952346455,0.011869928741455078,0.013172776551471484,0.0005
105,0.04402046566659754,0.014933127593994141,0.013348811655723748,0.0005
106,0.04421837663867257,0.008704285621643066,0.01288435905231568,0.0005
107,0.04562823267850009,0.009604643726348876,0.012556387519719,0.0005
108,0.04513163466453552,0.008566341876983642,0.012157382955445464,0.0005
109,0.04476515471501784,0.011123474025726318,0.012053992062473548,0.0005
110,0.04675117648731578,0.009426746654510498,0.011791267521677242,0.0005
111,0.044022214074568314,0.010034547328948975,0.011615595502404414,0.0005
112,0.04500277206030759,0.012122861576080323,0.011666322109772006,0.0005
113,0.04524808211326599,0.02118758945465088,0.012618448844259892,0.0005
114,0.04472683014002713,0.008243718671798706,0.012180975827013774,0.0005
115,0.044635274679010566,0.01260799913406372,0.012223678157718769,0.0005
116,0.04428431502905759,0.015683216190338134,0.012569631960980704,0.0005
117,0.04339821127328006,0.017004424190521242,0.013013111183934759,0.0005
118,0.04405244519710541,0.01217032299041748,0.012928832364583032,0.0005
119,0.04381470038240606,0.030039392471313476,0.014639888375256076,0.0005
120,0.04367971091270447,0.007939367818832397,0.013969836319613708,0.0005
121,0.043355590917847374,0.009467824840545654,0.013519635171706903,0.0005
122,0.04327152341062372,0.02319848747253418,0.01448752040178963,0.0005
123,0.04344324607849121,0.010006575393676758,0.014039425900978343,0.0005
124,0.04363518689545718,0.009489661312103272,0.013584449442090836,0.0005
125,0.04346422335884788,0.010227278423309326,0.013248732340212685,0.0005
126,0.0433884186592969,0.011586983108520507,0.013082557417043467,0.0005
127,0.042988955801183525,0.011180980491638183,0.012892399724502939,0.0005
128,0.04386058099486611,0.009007755661010742,0.01250393531815372,0.0005
129,0.042624411355365405,0.008184060287475587,0.012071947815085906,0.0005
130,0.04324492970163172,0.01455366096496582,0.012320119130073897,0.0005
131,0.04248093051043424,0.011568907737731934,0.0122449979908397,0.0005
132,0.043087105692516676,0.009906322765350343,0.012011130468290766,0.0005
133,0.042866855072975156,0.010295209312438965,0.011839538352705587,0.0005
134,0.04275170275081288,0.01067504301071167,0.011723088818506195,0.0005
135,0.04264741609313271,0.007259216547012329,0.011276701591356809,0.0005
136,0.0429087529074062,0.007048569583892822,0.01085388839061041,0.0005
137,0.04247172640020197,0.007871374416351318,0.0105556369931845,0.0005
138,0.04272074017524719,0.010748165798187256,0.010574889873684776,0.0005
139,0.0440471136786721,0.02315930252075195,0.011833331138391493,0.0005
140,0.04206499138745395,0.011469572162628174,0.01179695524081516,0.0005
141,0.04256256373362108,0.012294735336303712,0.011846733250364016,0.0005
142,0.04226553095470775,0.008003176307678222,0.011462377556095436,0.0005
143,0.04306541747830131,0.02097322940826416,0.012413462741312309,0.0005
144,0.04174970686218955,0.010091709136962891,0.012181287380877367,0.0005
145,0.04182133578603918,0.008033815479278564,0.011766540190717488,0.0005
146,0.04257608316811648,0.015913936138153076,0.012181279785461047,0.0005
147,0.043036301907626064,0.014276251602172852,0.012390776967132228,0.0005
148,0.04200209957903082,0.012917514514923095,0.012443450721911315,0.0005
149,0.04231883190545169,0.012913987827301025,0.012490504432450287,0.0005
150,0.041956542101773346,0.00833147587776184,0.012074601576981443,0.0005
151,0.04215883244601163,0.016133495044708252,0.012480490923754124,0.0005
152,0.04188848674730821,0.010095959281921387,0.01224203775957085,0.0005
153,0.04127866081541235,0.018393310928344727,0.012857165076448237,0.0005
154,0.042024945731596514,0.008008893966674804,0.012372337965470895,0.0005
155,0.041638218881867146,0.021700607299804688,0.013305164898904273,0.0005
156,0.04198251414949244,0.010271026134490966,0.013001751022462944,0.0005
157,0.04197028549584476,0.007439454460144043,0.012445521366231053,0.0005
158,0.04172298097176985,0.013052064418792725,0.012506175671487221,0.0005
159,0.041597292529452934,0.009703874778747559,0.012225945582213255,0.0005
160,0.04174008453542536,0.012353552055358886,0.012238706229527819,0.0005
161,0.042254938127777794,0.008443862962722778,0.011859221902847316,0.0005
162,0.04867027606964111,0.013026391792297363,0.01197593889179232,0.0005
163,0.04269249883998524,0.010307791423797607,0.011809124144992848,0.0005
164,0.04100312928719954,0.007632371616363525,0.011391448892129915,0.0005
165,0.04119202778339386,0.021567103385925292,0.012409014341509452,0.0005
166,0.0410091197794134,0.010186178398132325,0.01218673074717174,0.0005
167,0.040901863410256124,0.009749556064605713,0.011943013278915136,0.0005
168,0.042179805241931566,0.009757191658020019,0.011724431116825626,0.0005
169,0.04179030871174552,0.00787068681716919,0.011339056686859982,0.0005
170,0.04077166181694378,0.017154825019836426,0.011920633520157627,0.0005
171,0.04143918867761438,0.009242450046539306,0.011652815172795795,0.0005
172,0.041645394390279596,0.007659217405319214,0.011253455396048138,0.0005
173,0.042132761706005446,0.01477148962020874,0.011605258818464198,0.0005
174,0.0409319076906551,0.008981876945495605,0.011342920631167338,0.0005
175,0.04062242473688993,0.007931568813323974,0.011001785449383001,0.0005
176,0.04175193160013719,0.013121690464019776,0.01121377595084668,0.0005
177,0.040637422860752455,0.009920131874084472,0.011084411543170459,0.0005
178,0.0412268881559372,0.009449001693725586,0.010920870558225972,0.0005
179,0.04090235900445418,0.010390470218658448,0.01086783052426922,0.0005
180,0.040586084751649334,0.013305645942687988,0.011111612066111097,0.0005
181,0.040939905329184095,0.018772124099731446,0.011877663269473131,0.0005
182,0.04030613292130557,0.00989693775177002,0.011679590717702821,0.0005
183,0.04028545446395874,0.011598010063171387,0.011671432652249677,0.0005
184,0.04012811259356412,0.010324450874328614,0.01153673447445757,0.0005
185,0.04080171050375158,0.01311634521484375,0.011694695548496187,0.0005
186,0.04114229707284407,0.008020284557342529,0.011327254449380821,0.0005
187,0.0411581546978517,0.007268574142456055,0.010921386418688344,0.0005
188,0.04014315729791468,0.008068979454040528,0.010636145722223564,0.0005
189,0.03623540368730371,0.006918088102340699,0.010264339960235278,0.00025
190,0.0363129323981025,0.009961124992370606,0.01023401846344881,0.00025
191,0.035509818302501335,0.009671930122375489,0.010177809629341478,0.00025
192,0.03648436416712674,0.011480938911437989,0.01030812255755113,0.00025
193,0.035374940020387824,0.006335553550720215,0.009910865656868039,0.00025
194,0.03563952559557828,0.0056542551517486574,0.009485204606356101,0.00025
195,0.03555224094607613,0.007805265760421753,0.009317210721762668,0.00025
196,0.035891311062466014,0.008300922012329102,0.009215581850819311,0.00025
197,0.035292812206528405,0.00866447467803955,0.009160471133541336,0.00025
198,0.03571453717405146,0.016098875331878662,0.009854311553375069,0.00025
199,0.0355112211227417,0.0072755575180053714,0.009596436149838098,0.00025
200,0.03553774050149051,0.006283914566040039,0.009265183991458292,0.00025
201,0.0359183841380206,0.008484203958511353,0.009187085988163599,0.00025
202,0.035306002209403296,0.005993666839599609,0.0088677440733072,0.00025
203,0.03557527952410958,0.006377022647857666,0.008618671930762246,0.00025
204,0.03492269923903726,0.006781036615371704,0.008434908399223192,0.00025
205,0.03576441006010229,0.005009234523773194,0.008092341011678193,0.00025
206,0.03500363397598267,0.006001390743255616,0.007883245984835936,0.00025
207,0.03490268588716334,0.006666828536987305,0.007761604240051073,0.00025
208,0.03549278452613137,0.00627945294380188,0.007613389110426154,0.00025
209,0.035029491301016374,0.007418040037155151,0.007593854203099055,0.00025
210,0.03495464837334373,0.005434907817840576,0.007377959564573207,0.00025
211,0.03470183968110518,0.009062513446807861,0.007546414952796672,0.00025
212,0.03497255554849451,0.006271832847595215,0.007418956742276526,0.00025
213,0.034859218495542355,0.006909933614730835,0.007368054429521957,0.00025
214,0.03491023223183372,0.00527591962814331,0.007158840949384092,0.00025
215,0.03484544674049724,0.00630753903388977,0.00707371075783466,0.00025
216,0.03471179490306161,0.0076269169807434084,0.007129031380125535,0.00025
217,0.03459582659114491,0.0067874499797821045,0.0070948732400911915,0.00025
218,0.034601906059005046,0.006243850755691528,0.007009770991651225,0.00025
219,0.034850335465778,0.006886525535583496,0.006997446446044452,0.00025
220,0.03520306624065746,0.008896308517456054,0.007187332653185613,0.00025
221,0.034714830207824704,0.0080296245098114,0.007271561838848191,0.00025
222,0.0345289520220323,0.008136790609359741,0.007358084715899345,0.00025
223,0.03417615242437883,0.0061370203971862795,0.007235978284028038,0.00025
224,0.03464236985986883,0.007105761098861694,0.007222956565511404,0.00025
225,0.03509742078130895,0.006530000495910644,0.007153660958551328,0.00025
226,0.03495778611139818,0.006540661764144897,0.007092361039110685,0.00025
227,0.0342255509333177,0.006087463712692261,0.006991871306468843,0.00025
228,0.03416380089846524,0.005574736738204956,0.0068501578496424536,0.00025
229,0.03483437689651143,0.005758470439910889,0.006740989108669297,0.00025
230,0.03416587561910803,0.00744853744506836,0.006811743942309203,0.00025
231,0.03443812314813787,0.005601350164413452,0.006690704564519628,0.00025
232,0.034024872682311316,0.011471320247650147,0.007168766132832679,0.00025
233,0.03462707633972168,0.02241729221343994,0.008693618740893404,0.00025
234,0.03447553059621291,0.00515518126487732,0.008339774993291795,0.00025
235,0.0340111458865079,0.017283768463134765,0.009234174340276093,0.00025
236,0.034410620468313044,0.005812639856338501,0.008892020891882336,0.00025
237,0.034375214498693296,0.0073988170623779295,0.008742700508931896,0.00025
238,0.03464119219129736,0.0055624218463897705,0.008424672642677683,0.00025
239,0.034020625786347826,0.0077351888179779055,0.008355724260207706,0.00025
240,0.03421830457340587,0.008406987380981445,0.00836085057228508,0.00025
241,0.034497162758220325,0.007377368831634521,0.008262502398220024,0.00025
242,0.034281791530955924,0.010387341690063476,0.00847498632740437,0.00025
243,0.034245586520975285,0.004874382162094116,0.008114925910873344,0.00025
244,0.03441194841428236,0.005273589992523193,0.00783079231903833,0.00025
245,0.03412795741774819,0.005252596378326416,0.007572972724967139,0.00025
246,0.03442268405177377,0.00607414927482605,0.00742309037995303,0.00025
247,0.03389392951185053,0.007097781658172608,0.0073905595077749875,0.00025
248,0.03334165013269945,0.007312839651107788,0.007382787522108267,0.00025
249,0.033869181431423534,0.005222859048843384,0.007166794674781779,0.00025
250,0.03412120759053664,0.015100858306884766,0.007960201037992077,0.00025
251,0.03379873901497234,0.004865407466888428,0.007650721680881711,0.00025
252,0.03499025185324929,0.009654755020141601,0.0078511250148077,0.00025
253,0.03375157224481756,0.00912019166946411,0.007978031680273341,0.00025
254,0.033875068092346194,0.00500750150680542,0.007680978662926549,0.00025
255,0.033850160683285106,0.006646725082397461,0.007577553304873641,0.00025
256,0.033786839610880075,0.005854631519317627,0.00740526112631804,0.00025
257,0.03408068980303677,0.010003669834136962,0.007665101997099932,0.00025
258,0.03414298161593351,0.006696351099014283,0.007568226907291367,0.00025
259,0.03393320787819949,0.007796587800979614,0.007591062996660191,0.00025
260,0.033497561127489264,0.006327906799316406,0.0074647473769258125,0.00025
261,0.03349269396175038,0.009000643348693847,0.007618336974102616,0.00025
262,0.03360427670262077,0.008041762924194337,0.007660679569111788,0.00025
263,0.034307114520939916,0.0056869717597961425,0.007463308788180224,0.00025
264,0.033645054405385795,0.005818430662155151,0.007298820975577717,0.00025
265,0.033995460627295755,0.007305713939666748,0.00729951027198662,0.00025
266,0.033442990107969806,0.004861943912506103,0.007055753636038569,0.00025
267,0.03396636292500929,0.007472778797149658,0.007097456152149678,0.00025
268,0.03334357964559035,0.007200469589233398,0.007107757495858049,0.00025
269,0.03341823848811063,0.005844488143920899,0.006981430560664334,0.00025
270,0.03438415812362324,0.00960296106338501,0.007243583610936401,0.00025
271,0.03377470118349249,0.009474626159667968,0.007466687865809557,0.00025
272,0.03360663935271176,0.007190698957443237,0.007439088974972925,0.00025
273,0.033649917433478616,0.0087179838180542,0.007566978459281053,0.00025
274,0.033867637564919215,0.008118323278427124,0.00762211294119566,0.00025
275,0.03397973809892481,0.005603311014175415,0.007420232748493636,0.00025
276,0.03373324065425179,0.005842025566101074,0.00726241203025438,0.00025
277,0.03377593215595592,0.005418605709075928,0.007078031398136535,0.00025
278,0.0338964690360156,0.014119133853912353,0.007782141643714117,0.00025
279,0.03365354572642933,0.008221653938293457,0.007826092873172052,0.00025
280,0.03409137592315674,0.006300533390045166,0.0076735369248593635,0.00025
281,0.033496916604042054,0.007045663785934448,0.007610749610966873,0.00025
282,0.03357369531718168,0.006027841091156006,0.007452458758985786,0.00025
283,0.03110913004875183,0.005101099586486816,0.007217322841735888,0.000125
284,0.03113957950852134,0.004751542901992798,0.00697074484776158,0.000125
285,0.03144443072839217,0.0045260296821594236,0.006726273331201364,0.000125
286,0.030938190696456216,0.005018979215621948,0.006555543919643423,0.000125
287,0.03133657117540186,0.004717828750610352,0.006371772402740116,0.000125
288,0.03084680608402599,0.004731395721435547,0.006207734734609659,0.000125
289,0.031225348823720758,0.00547324104309082,0.006134285365457775,0.000125
290,0.031057645002278415,0.005016270303726196,0.006022483859284617,0.000125
291,0.03093953353058208,0.004230873012542724,0.005843322774610428,0.000125
292,0.03093350004499609,0.0044877739667892455,0.005707767893828309,0.000125
293,0.030762693244760688,0.004622186279296875,0.005599209732375166,0.000125
294,0.031022556669061833,0.005676954793930053,0.005606984238530654,0.000125
295,0.031015254326300187,0.0051775951385498046,0.005564045328532569,0.000125
296,0.0309680231961337,0.007859728765487671,0.005793613672228079,0.000125
297,0.030625770590522072,0.004678423118591309,0.005682094616864402,0.000125
298,0.03120316310145638,0.004394830083847046,0.005553368163562666,0.000125
299,0.030684814002297143,0.004852062892913818,0.005483237636497782,0.000125
300,0.03066551383191889,0.00457214641571045,0.0053921285144190485,0.000125
301,0.030863073658943176,0.005305019092559814,0.005383417572233125,0.000125
302,0.03084626421278173,0.004600406885147095,0.005305116503524523,0.000125
303,0.03052705776691437,0.005956817626953125,0.005370286615867382,0.000125
304,0.030635203179446135,0.005867507886886596,0.005420008742969305,0.000125
305,0.031167018446055326,0.004395117473602295,0.005317519616032604,0.000125
306,0.030831287919391284,0.005195382833480835,0.0053053059377774275,0.000125
307,0.03072058192166415,0.004559097051620484,0.005230685049161733,0.000125
308,0.030747091950069774,0.006791004133224488,0.005386716957568009,0.000125
309,0.03067994432882829,0.004983376979827881,0.005346382959793996,0.000125
310,0.03073623622980985,0.009982612705230712,0.005810005934337668,0.000125
311,0.030889090516350488,0.004739543867111206,0.0057029597276150226,0.000125
312,0.030656493522904137,0.004756809902191162,0.005608344745072637,0.000125
313,0.030676968227733265,0.00467430534362793,0.005514940804928166,0.000125
314,0.03056470406705683,0.005305410861968994,0.0054939878106322485,0.000125
315,0.030505378792502664,0.006405803394317627,0.005585169369000786,0.000125
316,0.03054192223548889,0.004327221632003784,0.005459374595301086,0.000125
317,0.03058732095631686,0.006188047647476196,0.005532241900518597,0.000125
318,0.0302935979756442,0.00458114013671875,0.005437131724138613,0.000125
319,0.03111257505200126,0.004090860390663147,0.005302504590791067,0.000125
320,0.03045733562382785,0.005482087326049804,0.005320462864316941,0.000125
321,0.03022413448637182,0.00573174204826355,0.0053615907827116015,0.000125
322,0.03058209231333299,0.005311080980300903,0.0053565398024705314,0.000125
323,0.030272682205113498,0.0068440612316131594,0.005505291945384794,0.000125
324,0.030574912092902442,0.006324784660339355,0.00558724121688025,0.000125
325,0.030658253320780666,0.004233936023712158,0.00545191069756344,0.000125
326,0.030335151394930752,0.004960410261154175,0.005402760653922514,0.000125
327,0.030686107167330653,0.005109281635284423,0.0053734127520587045,0.000125
328,0.030391546123678035,0.006487564039230347,0.005484827880775868,0.000125
329,0.030300296516851944,0.004772297430038452,0.005413574835702126,0.000125
330,0.03051771178895777,0.004803344869613648,0.005352551839093278,0.000125
331,0.030424208586866206,0.006204313898086548,0.0054377280449926044,0.000125
332,0.030193728091500022,0.004083893060684204,0.005302344546561764,0.000125
333,0.03040603808923201,0.003880861186981201,0.005160196210603708,0.000125
334,0.03001673047759316,0.004975622987747192,0.005141738888318056,0.000125
335,0.030337026832320473,0.005286131048202514,0.005156178104306502,0.000125
336,0.03023796140497381,0.005807447767257691,0.005221305070601621,0.000125
337,0.030658167084780606,0.004315609383583069,0.005130735501899766,0.000125
338,0.03059119377569719,0.004738088607788086,0.005091470812488598,0.000125
339,0.03025987906889482,0.004086719727516174,0.0049909957039913555,0.000125
340,0.03000573327107863,0.004538705253601074,0.0049457666589523275,0.000125
341,0.03036345054669814,0.004897639513015747,0.00494095394435867,0.000125
342,0.030132945316488094,0.004543943786621094,0.004901252928584912,0.000125
343,0.03042053880041296,0.0044168382406234745,0.004852811459788768,0.000125
344,0.03018660040551966,0.006334875059127808,0.0050010178197226725,0.000125
345,0.03012307954484766,0.005312137269973755,0.0050321297647477805,0.000125
346,0.030206083687868986,0.005710147857666016,0.005099931574039604,0.000125
347,0.030270875466953624,0.0051337899208068844,0.005103317408716333,0.000125
348,0.030201362375779587,0.005323097562789917,0.005125295424123691,0.000125
349,0.03019403973275965,0.004318787860870361,0.005044644667798358,0.000125
350,0.03022212012897838,0.006850335836410522,0.0052252137846595745,0.000125
351,0.030239264756982978,0.004090342664718628,0.00511172667266548,0.000125
352,0.030333133459091187,0.004913693284988403,0.005091923333897772,0.000125
353,0.03002260370904749,0.005503250789642334,0.005133056079472229,0.000125
354,0.030297385623238304,0.007990244102478027,0.005418774881772809,0.000125
355,0.0300317087541927,0.006724041080474853,0.005549301501643013,0.000125
356,0.030083234613591973,0.004387978482246399,0.005433169199703352,0.000125
357,0.029944036037271672,0.005756113910675049,0.005465463670800521,0.000125
358,0.03022162684093822,0.00685273756980896,0.005604191060701365,0.000125
359,0.0302585369348526,0.0064908723831176756,0.0056928591929429955,0.000125
360,0.030242025824026627,0.00936874303817749,0.0060604475774664445,0.000125
361,0.030107773993232032,0.00641288571357727,0.0060956913910775274,0.000125
362,0.03014095817045732,0.005591412353515625,0.0060452634873213364,0.000125
363,0.029910453870079734,0.0039239307641983035,0.005833130215009033,0.000125
364,0.030191147299246355,0.004952520895004272,0.005745069283008557,0.000125
365,0.030140404503995723,0.005512262392044068,0.005721788593912108,0.000125
366,0.02979546691721136,0.00506052827835083,0.00565566256235598,0.000125
367,0.03036494925672358,0.00576582145690918,0.0056666784518113,0.000125
368,0.03024847056865692,0.00728931999206543,0.0058289426058367125,0.000125
369,0.029933577593890103,0.0060484761238098145,0.0058508959576340225,0.000125
370,0.029862062894214284,0.004273115634918213,0.005693117925362442,0.000125
371,0.02984094696044922,0.0063910497665405274,0.00576291110948025,0.000125
372,0.030108948354287582,0.004329845285415649,0.00561960452707379,0.000125
373,0.030087304464253513,0.005539937591552735,0.005611637833521685,0.000125
374,0.03034018375006589,0.003838882327079773,0.005434362282877494,0.000125
375,0.029976331422545695,0.006967811489105225,0.005587707203500267,0.000125
376,0.030094427850029686,0.004985107469558716,0.0055274472301061126,0.000125
377,0.030166288694468413,0.005587007188796997,0.0055334032259752005,0.000125
378,0.02971631603891199,0.005133198070526123,0.0054933827104302925,0.000125
379,0.029994225679744375,0.004061428189277649,0.005350187258315028,0.000125
380,0.030073214886405252,0.004755847406387329,0.005290753273122259,0.000125
381,0.029876982030001553,0.008299688148498536,0.005591646760659887,0.000125
382,0.02979902291731401,0.010405709552764892,0.0060730530398703875,0.000125
383,0.030097642842206087,0.004927167415618897,0.005958464477445239,0.000125
384,0.029392239594459534,0.004327647924423218,0.005795382822143037,0.000125
385,0.0298450166572224,0.004360152769088745,0.005651859816837608,0.000125
386,0.029821130405772816,0.006107237529754638,0.005697397588129312,0.000125
387,0.030147557568550108,0.005646922397613525,0.005692350069077733,0.000125
388,0.029859125115654684,0.004871484851837158,0.005610263547353675,0.000125
389,0.029965673949501732,0.006386030626296997,0.005687840255248008,0.000125
390,0.02988097762628035,0.004859009504318237,0.005604957180155031,0.000125
391,0.030092708596316253,0.011658016204833985,0.0062102630826229265,0.000125
392,0.030045915633981877,0.005207379722595215,0.006109974746620155,0.000125
393,0.029880852790312332,0.008321076393127442,0.006331084911270883,0.000125
394,0.03002954641038721,0.005299658107757568,0.006227942230919552,0.000125
395,0.028412996216253802,0.0036639335870742797,0.005971541366535025,6.25e-05
396,0.028618112069910225,0.004096250033378601,0.005784012233219382,6.25e-05
397,0.02838826063112779,0.006550646734237671,0.0058606756833212105,6.25e-05
398,0.028827240406383167,0.004398883008956909,0.00571449641588478,6.25e-05
399,0.02899358541315252,0.0035502923011779784,0.0054980760044141,6.25e-05
400,0.028489872191169045,0.007010405588150024,0.005649308962787693,6.25e-05
401,0.028478796885230324,0.0053581604480743405,0.005620194111316357,6.25e-05
402,0.02846550461812453,0.0040683808326721195,0.005465012783451934,6.25e-05
403,0.02831220390363173,0.0039233788967132565,0.0053108493947780664,6.25e-05
404,0.028136513016440653,0.003962732100486755,0.005176037665348935,6.25e-05
405,0.02857780503793196,0.00649424467086792,0.005307858365900834,6.25e-05
406,0.0284082754091783,0.0047376883029937745,0.005250841359610128,6.25e-05
407,0.028260479398207233,0.005598545122146606,0.005285611735863776,6.25e-05
408,0.02836628660288724,0.003703584122657776,0.005127408974543176,6.25e-05
409,0.028315506126663902,0.004746967220306397,0.005089364799119498,6.25e-05
410,0.028603293017907577,0.0036253360271453856,0.004942961921922087,6.25e-05
411,0.02837963670167056,0.0037486512899398802,0.004823530858723867,6.25e-05
412,0.028359701347351073,0.0036069984912872315,0.004701877621980203,6.25e-05
413,0.028588729069449686,0.00444427034854889,0.004676116894637071,6.25e-05
414,0.028311471902240405,0.004365332245826721,0.004645038429756036,6.25e-05
415,0.028551380133628845,0.003572584366798401,0.004537793023460273,6.25e-05
416,0.028644890531626614,0.003609775400161743,0.00444499126113042,6.25e-05
417,0.028022581310705705,0.004551924800872803,0.004455684615104658,6.25e-05
418,0.02816915260661732,0.003956688404083252,0.004405784994002518,6.25e-05
419,0.028261876624280757,0.0035266696453094483,0.0043178734591332105,6.25e-05
420,0.028236944458701393,0.0044248611450195315,0.004328572227721842,6.25e-05
421,0.02845699915235693,0.004418265390396118,0.004337541543989271,6.25e-05
422,0.028415784261443398,0.003780305814743042,0.004281817971064647,6.25e-05
423,0.028222501559690995,0.0037425198316574097,0.004227888157123923,6.25e-05
424,0.028517371528798883,0.00547244234085083,0.004352343575496614,6.25e-05
425,0.02848396701379256,0.004654277086257935,0.004382536926572746,6.25e-05
426,0.028197722586718474,0.004225530505180359,0.004366836284433507,6.25e-05
427,0.028319221550768072,0.004165214896202088,0.004346674145610365,6.25e-05
428,0.028329561667008833,0.005050486421585083,0.004417055373207837,6.25e-05
429,0.02865998270078139,0.0038553809881210327,0.004360887934699156,6.25e-05
430,0.028303567882017655,0.006016236162185669,0.004526422757447807,6.25e-05
431,0.02823848776817322,0.00486134147644043,0.004559914629347069,6.25e-05
432,0.027956781320138412,0.003453300929069519,0.0044492532593193145,6.25e-05
433,0.02829381076639349,0.003755380630493164,0.0043798659964367,6.25e-05
434,0.02818593320413069,0.0038749054431915283,0.0043293699411121826,6.25e-05
435,0.02837673638083718,0.004768429279327392,0.004373275874933703,6.25e-05
436,0.028178667551820927,0.0048294860363006595,0.004418896891070398,6.25e-05
437,0.028050231443751943,0.004204581832885742,0.0043974653852519325,6.25e-05
438,0.02832640685601668,0.0037922162532806397,0.004336940472054803,6.25e-05
439,0.028100011732361534,0.004136027431488037,0.004316849167998127,6.25e-05
440,0.02837462619217959,0.004555135869979858,0.0043406778381963,6.25e-05
441,0.027981090833924034,0.0042495754480361934,0.004331567599180289,6.25e-05
442,0.028324802405183966,0.0051690672397613525,0.004415317563238395,6.25e-05
443,0.028172959676655857,0.004128068351745605,0.004386592642089116,6.25e-05
444,0.028309531070969323,0.003987093377113342,0.004346642715591539,6.25e-05
445,0.028051366569779135,0.004590164756774902,0.004370994919709875,6.25e-05
446,0.0283920583486557,0.003996269702911377,0.004333522398030025,6.25e-05
447,0.027999799754402855,0.003913418436050415,0.004291512001832064,6.25e-05
448,0.0278838267066262,0.0036841681241989136,0.004230777614068749,6.25e-05
449,0.028110239911079405,0.004208162903785706,0.004228516143040445,6.25e-05
450,0.02799236903624101,0.004244398045539856,0.004230104333290386,6.25e-05
451,0.027980590571056712,0.004191346120834351,0.004226228512044782,6.25e-05
452,0.028461365060372786,0.0035979708671569823,0.0041634027475560016,6.25e-05
453,0.027948333924466915,0.004498346161842346,0.004196897088984636,6.25e-05
454,0.028124098511175675,0.0036636324882507324,0.004143570628911246,6.25e-05
455,0.028209443462978708,0.004218690943717957,0.004151082660391917,6.25e-05
456,0.028182063718275592,0.0035678686380386355,0.0040927612581565884,6.25e-05
457,0.02780855281352997,0.005180719947814941,0.0042015571271224236,6.25e-05
458,0.028147101348096674,0.003571144676208496,0.00413851588203103,6.25e-05
459,0.028045241648500616,0.004071408796310425,0.00413180517345897,6.25e-05
460,0.02810822767127644,0.0036842083692550658,0.00408704549303858,6.25e-05
461,0.02820475103855133,0.003932132744789123,0.0040715542182136345,6.25e-05
462,0.0280179843230681,0.0037667500972747804,0.004041073806119749,6.25e-05
463,0.028145576550743796,0.0038469008922576904,0.004021656514733543,6.25e-05
464,0.02824220588423989,0.004680162763595581,0.004087507139619747,6.25e-05
465,0.028211052710359747,0.004072763800621033,0.004086032805719876,6.25e-05
466,0.027808067939498207,0.004153534889221191,0.004092783014070007,6.25e-05
467,0.028261963857303965,0.00437348473072052,0.004120853185735058,6.25e-05
468,0.028138244596394624,0.0036335047483444212,0.0040721183419959945,6.25e-05
469,0.028227783647450534,0.006233271598815918,0.0042882336676779865,6.25e-05
470,0.02838368781046434,0.003462803053855896,0.004205690606295777,6.25e-05
471,0.028284639609943738,0.003986460900306701,0.00418376763569687,6.25e-05
472,0.02791288202459162,0.004452277636528015,0.004210618635779984,6.25e-05
473,0.028112126937779515,0.0032886726856231688,0.004118424040764302,6.25e-05
474,0.02795794573697177,0.003924555492401123,0.004099037185927985,6.25e-05
475,0.027940146643465214,0.0036278974294662474,0.004051923210281811,6.25e-05
476,0.02812807625207034,0.007173967981338501,0.00436412768738748,6.25e-05
477,0.02806636503826488,0.003720710897445679,0.0042997860083933,6.25e-05
478,0.02826592912457206,0.0045709120750427245,0.004326898615058242,6.25e-05
479,0.028350368265672162,0.0034242563009262085,0.004236634383645039,6.25e-05
480,0.02829344183965163,0.004278633546829224,0.0042408342999634575,6.25e-05
481,0.028076060514016586,0.0034451639890670776,0.00416126726887382,6.25e-05
482,0.028182904848185454,0.004210344791412354,0.004166175021127673,6.25e-05
483,0.027891460061073303,0.003729607248306274,0.004122518243845533,6.25e-05
484,0.028137753170186824,0.0045091062545776365,0.0041611770449187435,6.25e-05
485,0.02805688810998743,0.003394399380683899,0.004084499278495259,6.25e-05
486,0.028099901168996636,0.0037692839860916138,0.004052977749254894,6.25e-05
487,0.0278209036285227,0.005550431346893311,0.004202723109018736,6.25e-05
488,0.028129890751838683,0.0033991250276565552,0.004122363300882518,6.25e-05
489,0.028178272115100513,0.003974840426445007,0.004107611013438767,6.25e-05
490,0.027999127383665605,0.004559927606582642,0.004152842672753155,6.25e-05
491,0.02771208960576491,0.003894596099853516,0.004127018015463191,6.25e-05
492,0.02801020139347423,0.0032754786729812624,0.004041864081214998,6.25e-05
493,0.027760291561213405,0.0062757033824920655,0.0042652480113427056,6.25e-05
494,0.028054571559212423,0.0038975806713104247,0.004228481277339477,6.25e-05
495,0.027667974144762214,0.004584216594696045,0.004264054809075134,6.25e-05
496,0.027987284582311457,0.006237859725952148,0.004461435300762835,6.25e-05
497,0.02788841148289767,0.005265978002548218,0.0045418895709413735,6.25e-05
498,0.027937011313438415,0.007882332706451415,0.004875933884492378,6.25e-05
499,0.02822472148591822,0.0036711758613586424,0.004755458082179004,6.25e-05
500,0.02822941488352689,0.00556478042602539,0.004836390316563642,6.25e-05
501,0.027867756947604093,0.00485088005065918,0.004837839289973196,6.25e-05
502,0.02771031967726621,0.004199750137329102,0.004774030374708786,6.25e-05
503,0.028140323441678827,0.004616562557220459,0.004758283592959953,6.25e-05
504,0.02770404221794822,0.0051942084789276125,0.004801876081556719,6.25e-05
505,0.02788608666116541,0.0037360201835632324,0.0046952904917573705,6.25e-05
506,0.027818065957589583,0.00490367169380188,0.0047161286119618215,6.25e-05
507,0.0279235652143305,0.004441711473464966,0.004688686898112136,6.25e-05
508,0.027903684780814432,0.00361120183467865,0.004580938391768787,6.25e-05
509,0.027862377925352618,0.004937464380264283,0.004616590990618337,6.25e-05
510,0.027950401191277938,0.00421596052646637,0.00457652794420314,6.25e-05
511,0.027883488488197328,0.0036945888996124266,0.004488334039744068,6.25e-05
512,0.028013843742283908,0.004860640525817871,0.004525564688351448,6.25e-05
513,0.027941292331435462,0.00435928795337677,0.00450893701485398,6.25e-05
514,0.02797625921422785,0.004314794921875,0.004489522805556083,6.25e-05
515,0.02703325563777577,0.00468456392288208,0.004509026917288683,3.125e-05
516,0.027414072385701267,0.003820386028289795,0.004440162828388794,3.125e-05
517,0.027166081783988258,0.003681346297264099,0.004364281175276325,3.125e-05
518,0.027193485379219055,0.0036434946298599244,0.004292202520734685,3.125e-05
519,0.02702986673008312,0.003376180958747864,0.004200600364536003,3.125e-05
520,0.02690011108571833,0.0032065402269363403,0.0041011943507760365,3.125e-05
521,0.027081694533608175,0.0038652687549591063,0.004077601791194344,3.125e-05
522,0.02697815174406225,0.0034422794818878173,0.004014069560263691,3.125e-05
523,0.02721575699069283,0.0032658369064331055,0.0039392462948806325,3.125e-05
524,0.027270712822133846,0.003597929430007935,0.003905114608393363,3.125e-05
525,0.027189564022150906,0.0033430419445037844,0.0038489073420044048,3.125e-05
526,0.027047651917284185,0.003859937047958374,0.0038500103125998016,3.125e-05
527,0.02717964761907404,0.0033305375814437865,0.0037980630394842,3.125e-05
528,0.02723469646843997,0.0033526489019393923,0.003753521625729719,3.125e-05
529,0.0273021340305155,0.00363562912940979,0.003741732376097726,3.125e-05
530,0.027333394848216664,0.004601320886611938,0.0038276912271491474,3.125e-05
531,0.02713555986881256,0.0034277488708496094,0.0037876969915191933,3.125e-05
532,0.027064619905298407,0.0033665828943252566,0.0037455855817997994,3.125e-05
533,0.027368682527542116,0.0034205454587936403,0.0037130815694991835,3.125e-05
534,0.02724375644380396,0.003820240807533264,0.0037237974933025915,3.125e-05
535,0.02705353768088601,0.0037543915271759033,0.0037268568966899226,3.125e-05
536,0.027129345553571528,0.003332563066482544,0.0036874275136691845,3.125e-05
537,0.02698925290107727,0.004009755253791809,0.003719660287681447,3.125e-05
538,0.027209231463345616,0.0032276259660720826,0.0036704568555205102,3.125e-05
539,0.027059057133848017,0.0031163180112838743,0.0036150429710968468,3.125e-05
540,0.02698579868403348,0.0038513962507247925,0.0036386782990596414,3.125e-05
541,0.027055650184371255,0.004020542359352112,0.0036768647050888885,3.125e-05
542,0.027000075613368642,0.003282879424095154,0.0036374661769895153,3.125e-05
543,0.026993931211124766,0.004214176249504089,0.003695137184240973,3.125e-05
544,0.02713457924235951,0.0032558681249618532,0.003651210278313061,3.125e-05
545,0.027018102112683382,0.0034332544088363647,0.0036294146913653912,3.125e-05
546,0.02719480149312453,0.003457317113876343,0.0036122049336164866,3.125e-05
547,0.02694297242381356,0.004407430696487427,0.0036917275099035804,3.125e-05
548,0.026920765486630527,0.0032205440998077394,0.003644609168893996,3.125e-05
549,0.026874036585200916,0.004022327852249145,0.003682381037229511,3.125e-05
550,0.026904832105203107,0.004436551141738892,0.0037577980476804487,3.125e-05
551,0.02705154089494185,0.004547823905944824,0.0038368006335068863,3.125e-05
552,0.0270845519694415,0.003230702781677246,0.0037761908483239224,3.125e-05
553,0.02675046452175487,0.003738062119483948,0.003772377975439925,3.125e-05
554,0.027168605570359664,0.007140253925323486,0.004109165570428281,3.125e-05
555,0.0273015319629149,0.0037570445775985716,0.00407395347114531,3.125e-05
556,0.026815546443245627,0.0036590760946273804,0.0040324657334935175,3.125e-05
557,0.026812361686879938,0.0036687237977981566,0.003996091539923982,3.125e-05
558,0.026682495314424688,0.003558290457725525,0.003952311431704136,3.125e-05
559,0.026868559724634342,0.0034951173543930052,0.003906592023973023,3.125e-05
560,0.02689106723612005,0.003202727222442627,0.003836205543819983,3.125e-05
561,0.02715749000852758,0.0035511378288269045,0.0038076987723206753,3.125e-05
562,0.026969203413616527,0.003222635865211487,0.0037491924816097566,3.125e-05
563,0.02692811177860607,0.0036395941734313963,0.0037382326507919205,3.125e-05
564,0.026913056863438,0.0033702433824539186,0.0037014337239581205,3.125e-05
565,0.026902830240943216,0.005123288011550904,0.003843619152717399,3.125e-05
566,0.027082286286354066,0.003131128215789795,0.0037723700590246386,3.125e-05
567,0.02708063249804757,0.004421671962738037,0.0038373002493959783,3.125e-05
568,0.02699099753553217,0.0036897154569625855,0.003822541770152639,3.125e-05
569,0.02703849228512157,0.003604439640045166,0.003800731557141892,3.125e-05
570,0.027005460528893903,0.0033641979932785035,0.003757078200755553,3.125e-05
571,0.027272079623829236,0.003559750437736511,0.003737345424453649,3.125e-05
572,0.02684481796351346,0.003450643301010132,0.003708675212109297,3.125e-05
573,0.027264756868102334,0.004736243677139282,0.0038114320586122956,3.125e-05
574,0.02683734418478879,0.003564074110984802,0.0037866962638495464,3.125e-05
575,0.027238622335954147,0.0037420275211334226,0.003782229389577934,3.125e-05
576,0.026841694940220227,0.0031477418184280397,0.0037187806324629445,3.125e-05
577,0.026870393150502984,0.0031192522287368774,0.0036588277920903377,3.125e-05
578,0.027093407546390186,0.003818687891960144,0.003674813802077318,3.125e-05
579,0.026940828451243314,0.003151746582984924,0.0036225070801680784,3.125e-05
580,0.026908779174631293,0.0034211488723754884,0.0036023712593888195,3.125e-05
581,0.02691010370688005,0.003446632647514343,0.0035867973982013717,3.125e-05
582,0.026831038624590093,0.0035287442207336426,0.0035809920804545986,3.125e-05
583,0.026945670914649965,0.003376590919494629,0.0035605519643586016,3.125e-05
584,0.027024806295741687,0.0033136287212371827,0.0035358596400464595,3.125e-05
585,0.02715667333386161,0.004963752174377441,0.0036786488934795573,3.125e-05
586,0.026804527321728795,0.003267093372344971,0.0036374933413660985,3.125e-05
587,0.026987660293145612,0.004223849534988403,0.003696128960728329,3.125e-05
588,0.02708924677588723,0.003309881806373596,0.0036575042452928557,3.125e-05
589,0.02676513750336387,0.0037223431825637817,0.0036639881390199483,3.125e-05
590,0.027066227876056323,0.0044800938606262206,0.0037455987111805755,3.125e-05
591,0.026786445650187406,0.0038105046272277833,0.003752089302785296,3.125e-05
592,0.02662402619231831,0.003257508087158203,0.0037026311812225865,3.125e-05
593,0.026896702619032428,0.0035745399236679076,0.0036898220554671185,3.125e-05
594,0.026821712370352312,0.0035061421155929565,0.003671454061479702,3.125e-05
595,0.02703935172557831,0.003291557288169861,0.0036334643841487184,3.125e-05
596,0.026956294558264992,0.004134145283699035,0.00368353247410375,3.125e-05
597,0.026787160929766567,0.005262098264694214,0.0038413890531627964,3.125e-05
598,0.026923746752738953,0.0038875982522964475,0.003846009973076162,3.125e-05
599,0.0269172705151818,0.003919537711143494,0.0038533627468828953,3.125e-05
600,0.026894863614169033,0.00364518609046936,0.003832545081241542,3.125e-05
601,0.02670752857164903,0.004329207301139832,0.0038822113032313706,3.125e-05
602,0.02694064446362582,0.004265437626838684,0.0039205339355921015,3.125e-05
603,0.026939227895303206,0.003789305830001831,0.0039074111250330746,3.125e-05
604,0.026770470556345852,0.003284507346153259,0.003845120747145093,3.125e-05
605,0.026756603984399274,0.0041768681287765504,0.0038782954853082384,3.125e-05
606,0.026998716497421266,0.003444109463691711,0.0038348768831465855,3.125e-05
607,0.02662226389754902,0.003222609281539917,0.0037736501229859187,3.125e-05
608,0.026768191506645896,0.00401235179901123,0.0037975202905884495,3.125e-05
609,0.026909489625150506,0.008907548332214356,0.00430852309475104,3.125e-05
610,0.026709955247965725,0.003142751216888428,0.004191945906964779,3.125e-05
611,0.026647481387311763,0.0032367215633392335,0.004096423472602225,3.125e-05
612,0.026862821453267877,0.003965875244140625,0.004083368649756065,3.125e-05
613,0.026644216333736072,0.00476850643157959,0.004151882427938418,3.125e-05
614,0.02693910179788416,0.0031379680633544923,0.004050490991480025,3.125e-05
615,0.026801967694542624,0.0037309359312057496,0.0040185354854525976,3.125e-05
616,0.026737988686561586,0.004065275621414184,0.004023209499048756,3.125e-05
617,0.026901531225984748,0.0036117481470108034,0.003982063363844961,3.125e-05
618,0.02684009191122922,0.0031309250593185424,0.0038969495333923193,3.125e-05
619,0.026861292678659613,0.0034886698722839354,0.003856121567281481,3.125e-05
620,0.026677464043010364,0.004045551371574402,0.003875064547710773,3.125e-05
621,0.026790716858343645,0.003880334639549255,0.0038755915568946214,3.125e-05
622,0.02705928874015808,0.003844283318519592,0.0038724607330571184,3.125e-05
623,0.026886330140720713,0.003415151882171631,0.0038267298479685696,3.125e-05
624,0.026793966601111673,0.0032352046489715577,0.0037675773280688683,3.125e-05
625,0.026723026299476624,0.003392138123512268,0.003730033407613208,3.125e-05
626,0.026842143735018642,0.0038198530673980713,0.0037390153735916945,3.125e-05
627,0.026758766449581493,0.0034570109367370607,0.003710814929906231,3.125e-05
628,0.026781927587769247,0.004230601239204407,0.0037627935608360486,3.125e-05
629,0.02677816756205125,0.0034398544073104857,0.0037304996454834926,3.125e-05
630,0.026765627002716064,0.003289794921875,0.0036864291731226436,3.125e-05
631,0.027002818989753725,0.003240462827682495,0.003641832538578629,3.125e-05
632,0.026864646543156016,0.0034567617893218995,0.003623325463652956,3.125e-05
633,0.026849269435622474,0.003500988245010376,0.003611091741788698,3.125e-05
634,0.026728859303214333,0.0033510443925857543,0.0035850870068684037,3.125e-05
635,0.026850005197525024,0.0034323545217514037,0.0035698137583567036,3.125e-05
636,0.026262236421758477,0.003002666449546814,0.0035130990274757144,1.5625e-05
637,0.02665027653087269,0.0031022583484649657,0.0034720149595746396,1.5625e-05
638,0.026481776626543566,0.003493395447731018,0.0034741530083902774,1.5625e-05
639,0.02635784730911255,0.0034358323574066162,0.0034703209432919114,1.5625e-05
640,0.026525554581121966,0.003286875867843628,0.003451976435747083,1.5625e-05
641,0.026378766484694047,0.0045922486782073975,0.0035660036599931147,1.5625e-05
642,0.02649037476019426,0.0030034870862960814,0.0035097520026234116,1.5625e-05
643,0.02624455048604445,0.003632343101501465,0.003522011112511217,1.5625e-05
644,0.026287281504544346,0.003294382643699646,0.00349924826563006,1.5625e-05
645,0.02636808667833155,0.003264800715446472,0.003475803510611701,1.5625e-05
646,0.02632506325895136,0.0032221456050872802,0.003450437720059259,1.5625e-05
647,0.026451992056586524,0.0032512940168380735,0.0034305233497371403,1.5625e-05
648,0.026452039547400042,0.002985572671890259,0.003386028281952452,1.5625e-05
649,0.02629115331389687,0.0033243515491485597,0.003379860608672063,1.5625e-05
650,0.02653860083059831,0.0030325732707977295,0.0033451318748846295,1.5625e-05
651,0.026373096604780717,0.003838912034034729,0.0033945098907996393,1.5625e-05
652,0.02653266021338376,0.0035110289335250856,0.003406161795072184,1.5625e-05
653,0.02599647842537273,0.0029969024181365966,0.003365235857378625,1.5625e-05
654,0.0263591810724952,0.0030841496706008912,0.0033371272387008517,1.5625e-05
655,0.02634003714864904,0.0030586484909057615,0.0033092793639213423,1.5625e-05
656,0.026311655194109135,0.003339180040359497,0.0033122694315651574,1.5625e-05
657,0.02622417308850722,0.00422515025138855,0.003403557513547497,1.5625e-05
658,0.0262901901548559,0.0031239972352981567,0.0033756014857225626,1.5625e-05
659,0.026626499412276527,0.003074818801879883,0.0033455232173382945,1.5625e-05
660,0.0263438721743497,0.003977482414245606,0.0034087191370290254,1.5625e-05
661,0.026443862132592633,0.0031867449283599853,0.0033865217161621213,1.5625e-05
662,0.026168047735907814,0.003107779312133789,0.003358647475759288,1.5625e-05
663,0.026254899163679644,0.004532117033004761,0.0034759944314838353,1.5625e-05
664,0.026553551502661272,0.0030086641550064086,0.0034292614038360925,1.5625e-05
665,0.02633961535583843,0.0032365041971206664,0.00340998568316455,1.5625e-05
666,0.026421818314899096,0.0031907638311386107,0.003388063497961956,1.5625e-05
667,0.026142957295070993,0.003303637909889221,0.0033796209391546827,1.5625e-05
668,0.0266315378817645,0.0029465245962142944,0.003336311304860644,1.5625e-05
669,0.026885061079805546,0.0031304906368255616,0.0033157292380571355,1.5625e-05
670,0.02633240932117809,0.003238128209114075,0.0033079691351628297,1.5625e-05
671,0.026312053481015292,0.002957486367225647,0.0032729208583691114,1.5625e-05
672,0.026240278601646422,0.0033811249256134033,0.0032837412650935406,1.5625e-05
673,0.02625966630632227,0.003251000642776489,0.0032804672028618354,1.5625e-05
674,0.026259121907841076,0.0030572923183441163,0.0032581497144100638,1.5625e-05
675,0.02624419935833324,0.0036542661666870116,0.0032977613596377586,1.5625e-05
676,0.02642394304709001,0.0030482909202575684,0.0032728143156997395,1.5625e-05
677,0.026390623784065245,0.0044440189361572265,0.0033899347777454885,1.5625e-05
678,0.026387115008180792,0.00301782329082489,0.0033527236290534284,1.5625e-05
679,0.02614041008082303,0.003719854402542114,0.003389436706402297,1.5625e-05
680,0.0260672630331733,0.0035264654159545897,0.0034031395773575263,1.5625e-05
681,0.02616181661865928,0.003026490879058838,0.0033654747075276574,1.5625e-05
682,0.026313840686191213,0.0037118486642837524,0.003400112103203267,1.5625e-05
683,0.026390010274540295,0.002994170355796814,0.0033595179284626217,1.5625e-05
684,0.02636748274673115,0.0031027511358261107,0.00333384124919897,1.5625e-05
685,0.02642359544797377,0.003528856039047241,0.0033533427281837976,1.5625e-05
686,0.02606533852490512,0.0032045793533325194,0.00333846639069867,1.5625e-05
687,0.02616577658653259,0.003152604079246521,0.003319880159553455,1.5625e-05
688,0.026208924538438972,0.0032186322927474976,0.003309755372872859,1.5625e-05
689,0.026166112305901268,0.0035162779092788696,0.00333040762651346,1.5625e-05
690,0.026153706125779587,0.0033002606391906737,0.0033273929277811815,1.5625e-05
691,0.026133907172896646,0.003099314498901367,0.0033045850848932,1.5625e-05
692,0.0262926184350794,0.003192273545265198,0.0032933539309303998,1.5625e-05
693,0.026336343117193742,0.0030441689252853395,0.0032684354303658936,1.5625e-05
694,0.02641167363686995,0.003000271201133728,0.003241619007442677,1.5625e-05
695,0.026209599028934133,0.0032060405015945435,0.0032380611568578635,1.5625e-05
696,0.026100912761688234,0.0032549355030059815,0.0032397485914726753,1.5625e-05
697,0.026431956002928993,0.004542945194244385,0.003370068251749846,1.5625e-05
698,0.02628831860368902,0.003279208970069885,0.00336098232358185,1.5625e-05
699,0.026211318438703363,0.003441850185394287,0.0033690691097630937,1.5625e-05
700,0.025895483036474747,0.003047093653678894,0.003336871564154674,1.5625e-05
701,0.026195438267967917,0.002968297529220581,0.0033000141606612642,1.5625e-05
702,0.026057927790555088,0.0030384385585784913,0.003273856600452987,1.5625e-05
703,0.026492989778518678,0.003488127684593201,0.0032952837088670085,1.5625e-05
704,0.026026893284104086,0.003168755841255188,0.0032826309221058265,1.5625e-05
705,0.026190001986243508,0.0031141088247299193,0.003265778712368236,1.5625e-05
706,0.026383879046006635,0.0030868406534194947,0.003247884906473362,1.5625e-05
707,0.026072199426997792,0.0029771183013916017,0.003220808245965186,1.5625e-05
708,0.02621459755680778,0.0035901303052902223,0.0032577404518976897,1.5625e-05
709,0.02605851028615778,0.0034378711223602295,0.0032757535189439435,1.5625e-05
710,0.026215124188769947,0.003188021969795227,0.0032669803640290717,1.5625e-05
711,0.026299178485436874,0.0034084967136383056,0.0032811319989899954,1.5625e-05
712,0.026187796683744952,0.003360887575149536,0.0032891075566059496,1.5625e-05
713,0.02617449914108623,0.0032698702573776247,0.0032871838266831173,1.5625e-05
714,0.02638885827931491,0.003580974006652832,0.003316562844680089,1.5625e-05
715,0.02653640793020075,0.003106419801712036,0.003295548540383284,1.5625e-05
716,0.026058940128846603,0.003598465657234192,0.0033258402520683745,1.5625e-05
717,0.026206864617087624,0.003083637833595276,0.0033016200102210643,1.5625e-05
718,0.026310738134384157,0.0046389646530151365,0.0034353544745004717,1.5625e-05
719,0.026091437287764117,0.0033355704545974733,0.0034253760725101723,1.5625e-05
720,0.026075425648689272,0.003652337121963501,0.003448072177455505,1.5625e-05
721,0.02622027866406874,0.004049286937713623,0.003508193653481317,1.5625e-05
722,0.026348281251300464,0.004577995586395264,0.0036151738467727116,1.5625e-05
723,0.02612149596864527,0.0030346409797668457,0.0035571205600721254,1.5625e-05
724,0.026028639533303,0.003365769410133362,0.003537985445078249,1.5625e-05
725,0.026309575262936678,0.002944356632232666,0.0034786225637936908,1.5625e-05
726,0.02650971628102389,0.003338673424720764,0.003464627649886398,1.5625e-05
727,0.026286672858758405,0.003093360233306885,0.0034275009082284464,1.5625e-05
728,0.026198666912859138,0.003026991629600525,0.0033874499803656544,1.5625e-05
729,0.02613791227123954,0.0031637301683425903,0.0033650779991633477,1.5625e-05
730,0.02615129446441477,0.0037267265796661377,0.0034012428572136265,1.5625e-05
731,0.026245046546242455,0.003569245743751526,0.0034180431458674166,1.5625e-05
732,0.026101723729480397,0.0032988803625106813,0.0034061268675317433,1.5625e-05
733,0.026349356655641035,0.0031304206609725953,0.0033785562468758284,1.5625e-05
734,0.026111710184270685,0.003175430655479431,0.0033582436877361886,1.5625e-05
735,0.026131410999731583,0.003070309114456177,0.0033294502304081876,1.5625e-05
736,0.026113093406503852,0.00385410795211792,0.003381916002579161,1.5625e-05
737,0.026303734707832337,0.0029588627576828002,0.0033396106780895244,1.5625e-05
738,0.026384933549707588,0.003275067925453186,0.0033331564028258906,1.5625e-05
739,0.02609278681278229,0.002918204140663147,0.0032916611766096162,1.5625e-05
740,0.026208200537074695,0.003091305136680603,0.003271625572616715,1.5625e-05
741,0.026204142006960782,0.0030015220165252685,0.0032446152170075705,1.5625e-05
742,0.02616353322809393,0.003467386865615845,0.003266892381868398,1.5625e-05
743,0.02640333118872209,0.003157450532913208,0.003255948196972879,1.5625e-05
744,0.02634271828261289,0.004840369081497192,0.0034143902854253103,1.5625e-05
745,0.02611446248076179,0.0031971384048461913,0.0033926650973673984,1.5625e-05
746,0.02635157538760792,0.00434323000907898,0.0034877215885385565,1.5625e-05
747,0.0258726417649876,0.0030334766149520873,0.0034422970911799095,1.5625e-05
748,0.026297965585101734,0.003094278621673584,0.003407495244229277,1.5625e-05
749,0.02615537830916318,0.0033803828954696654,0.0034047840093533155,1.5625e-05
750,0.026114865977113898,0.0034898847103118896,0.0034132940794491732,1.5625e-05
751,0.025934995046528905,0.003123213291168213,0.003384286000621077,1.5625e-05
752,0.026060514350370927,0.003006071710586548,0.0033464645716176243,1.5625e-05
753,0.02627909172664989,0.003681916046142578,0.0033800097190701196,1.5625e-05
754,0.026451192450523377,0.0033415103673934935,0.003376159783902457,1.5625e-05
755,0.026182491354508834,0.003976984739303589,0.00343624227944257,1.5625e-05
756,0.026194603211229496,0.003209367775917053,0.0034135548290900185,1.5625e-05
757,0.026013613202355124,0.00345569212436676,0.0034177685586176927,1.5625e-05
758,0.025793437654321846,0.003092836022377014,0.003385275304993625,1.5625e-05
759,0.02585033991987055,0.0030998510122299196,0.0033567328757172546,1.5625e-05
760,0.026130551945079458,0.0031800632238388063,0.0033390659105294097,1.5625e-05
761,0.026009921769662336,0.0030763947963714598,0.0033127987991136143,1.5625e-05
762,0.026030954428152606,0.0029980954885482788,0.0032813284680570805,1.5625e-05
763,0.026037831469015643,0.003380059838294983,0.0032912016050808705,1.5625e-05
764,0.026370856820453297,0.003380255889892578,0.003300107033562041,1.5625e-05
765,0.025994245394793423,0.003106720471382141,0.0032807683773440513,1.5625e-05
766,0.02592984058856964,0.0030787981510162353,0.0032605713547112698,1.5625e-05
767,0.026092774072560398,0.004358364629745483,0.0033703506822146912,1.5625e-05
768,0.026139808719808404,0.002941236186027527,0.0033274392325959748,1.5625e-05
769,0.02634522875655781,0.0030789497137069704,0.003302590280707074,1.5625e-05
770,0.026235634864460337,0.0033080687522888184,0.0033031381278652485,1.5625e-05
771,0.026229550597884437,0.003289986824989319,0.0033018229975776557,1.5625e-05
772,0.02591756181500175,0.0030448516607284545,0.0032761258638927355,1.5625e-05
773,0.026211414469372144,0.003188018774986267,0.0032673151550020887,1.5625e-05
774,0.026096171741052106,0.0032175036191940307,0.0032623340014212828,1.5625e-05
775,0.025939708640358664,0.0032284914970397947,0.003258949750983134,1.5625e-05
776,0.02618635702783411,0.0038404268503189087,0.0033170974609167112,1.5625e-05
777,0.02610337703661485,0.0030686211824417116,0.0032922498330692114,1.5625e-05
778,0.026141382187063043,0.003493756055831909,0.003312400455345481,1.5625e-05
779,0.026230142946676773,0.0029351932048797607,0.003274679730298909,1.5625e-05
780,0.025790037660165268,0.003418753695487976,0.003289087126817816,1.5625e-05
781,0.026125117908824574,0.003405005717277527,0.003300678985863787,1.5625e-05
782,0.026074974526058545,0.003136024856567383,0.0032842135729341465,1.5625e-05
783,0.0263341877525503,0.0030759063005447386,0.0032633828456952057,1.5625e-05
784,0.025894847737659106,0.0032414549589157102,0.003261190057017256,1.5625e-05
785,0.026161564894156022,0.003176331925392151,0.0032527042438547453,1.5625e-05
786,0.02625406345020641,0.0031599575042724607,0.0032434295698965166,1.5625e-05
787,0.026245198637788947,0.0037798438787460327,0.003297071000781468,1.5625e-05
788,0.026079413351145657,0.003801325225830078,0.0033474964232863293,1.5625e-05
789,0.02616903675252741,0.0031372743129730223,0.0033264742122549986,1.5625e-05
790,0.026139415218613366,0.003307618284225464,0.003324588619452045,1.5625e-05
791,0.02603909126411785,0.0033010566711425783,0.0033222354246210985,1.5625e-05
792,0.026211454339460892,0.003408957195281982,0.0033309076016871868,1.5625e-05
793,0.026111572233113375,0.0031723135232925416,0.0033150481938477223,1.5625e-05
794,0.02610533267801458,0.0030688339710235597,0.003290426771565306,1.5625e-05
795,0.026329143300923435,0.003063284707069397,0.0032677125651157154,1.5625e-05
796,0.026040451524474404,0.0033775474548339846,0.0032786960540875424,1.5625e-05
797,0.02621904251792214,0.0030220533847808836,0.0032530317871568766,1.5625e-05
798,0.02602967318838293,0.003110977745056152,0.0032388263829468042,1.5625e-05
799,0.026217247503454034,0.0033074977159500123,0.003245693516247125,1.5625e-05
800,0.026262890028953552,0.0030446814060211182,0.0032255923052245247,1.5625e-05
801,0.02626404580419714,0.0031733296394348145,0.003220366038645554,1.5625e-05
802,0.025873444444482977,0.003394997477531433,0.0032378291825341417,1.5625e-05
803,0.026118032804402436,0.003320269465446472,0.0032460732108253744,1.5625e-05
804,0.02594783913222226,0.0029292707443237306,0.00321439296417521,1.5625e-05
805,0.026062140850587324,0.0030796343803405762,0.0032009171057917466,1.5625e-05
806,0.02598402212749828,0.0032341509103775024,0.0032042404862503223,1.5625e-05
807,0.02597736684625799,0.0030031235694885253,0.0031841287945741426,1.5625e-05
808,0.026014465715668417,0.0031388798713684082,0.003179603902253569,1.5625e-05
809,0.025864204729687083,0.003131726574897766,0.003174816169517989,1.5625e-05
810,0.02636377484581687,0.003090312647819519,0.0031663658173481423,1.5625e-05
811,0.02623808383508162,0.0032273908138275146,0.0031724683169960795,1.5625e-05
812,0.026335092691941696,0.00293006706237793,0.0031482281915342645,1.5625e-05
813,0.026252097381245006,0.004586913347244263,0.0032920967071052645,1.5625e-05
814,0.026404075204242358,0.0032982747077941895,0.0032927145071741572,1.5625e-05
815,0.025967592772570523,0.004718626928329468,0.0034353057492896885,1.5625e-05
816,0.02598787604462017,0.0030734292268753054,0.00339911809704825,1.5625e-05
817,0.02613644883957776,0.002920474863052368,0.003351253773648662,1.5625e-05
818,0.026227330532940952,0.0028850101470947265,0.003304629410993268,1.5625e-05
819,0.02597979247786782,0.003692088198661804,0.0033433752897601217,1.5625e-05
820,0.02625385355082425,0.0034465834140777587,0.0033536961021918854,1.5625e-05
821,0.026093232120167124,0.0030698135375976563,0.0033253078457324624,1.5625e-05
822,0.026171793521534314,0.0032077584743499758,0.0033135529085942133,1.5625e-05
823,0.02599644339951602,0.002875646162033081,0.0032697622339381,1.5625e-05
824,0.025849406855756586,0.004171478343009949,0.0033599338448452847,1.5625e-05
825,0.02604010947184129,0.003149620294570923,0.0033389024898178485,1.5625e-05
826,0.02571220857880332,0.003841098189353943,0.0033891220597714582,1.5625e-05
827,0.02584369281205264,0.0033271457195281984,0.0033829244257471323,1.5625e-05
828,0.026003361281481657,0.0031349976539611817,0.0033581317485685373,1.5625e-05
829,0.025731930873610757,0.0029959609031677244,0.003321914664028456,1.5625e-05
830,0.02599996661056172,0.0029341723918914794,0.0032831404368147583,1.5625e-05
831,0.026157167213613337,0.0032763609886169434,0.0032824624919949768,1.5625e-05
832,0.026113314838842914,0.003315347409248352,0.003285750983720314,1.5625e-05
833,0.02610533877286044,0.003126935982704163,0.003269869483618699,1.5625e-05
834,0.02596160567890514,0.002926102614402771,0.003235492796697106,1.5625e-05
835,0.026262562053853817,0.003051379442214966,0.003217081461248892,1.5625e-05
836,0.025882316641374067,0.003056203031539917,0.003200993618277995,1.5625e-05
837,0.025998047241297634,0.003404408383369446,0.00322133509478714,1.5625e-05
838,0.026153186600858514,0.0030979594945907594,0.003208997534767502,1.5625e-05
839,0.026304698824882507,0.003254563641548157,0.0032135541454455675,1.5625e-05
840,0.026033158107237383,0.003754323148727417,0.0032676310457737524,1.5625e-05
841,0.02600706613930789,0.0032342922687530517,0.003264297168071682,1.5625e-05
842,0.02588557916554538,0.00468916220664978,0.0034067836719294917,1.5625e-05
843,0.026101290793852372,0.003007098460197449,0.0033668151507562872,1.5625e-05
844,0.02618852932886644,0.004507591581344604,0.003480892793815119,1.5625e-05
845,0.02613492696718736,0.003171033215522766,0.003449906835985884,1.5625e-05
846,0.025958754912289706,0.0033866701602935792,0.0034435831684166535,1.5625e-05
847,0.025901535532691262,0.003422270369529724,0.0034414518885279607,1.5625e-05
848,0.025939703492684797,0.0034094892978668214,0.0034382556294618467,1.5625e-05
849,0.026091077340732922,0.0030070945739746092,0.0033951395239131227,1.5625e-05
850,0.025910931489684364,0.003234588527679443,0.003379084424289755,1.5625e-05
851,0.026115728386965666,0.0031915093421936037,0.0033603269160801395,1.5625e-05
852,0.026151220566576178,0.003800012302398682,0.0034042954547119936,1.5625e-05
853,0.02602563263502988,0.0037357338190078734,0.003437439291141582,1.5625e-05
854,0.025966968087716535,0.0029904465913772583,0.0033927400211651495,1.5625e-05
855,0.025937366132302717,0.0034582181692123415,0.003399287835969869,1.5625e-05
856,0.02609917235807939,0.0029792789697647096,0.0033572869493493527,1.5625e-05
857,0.026012437252564864,0.0033665707588195802,0.0033582153302963757,1.5625e-05
858,0.025952544780211015,0.0031744346380233766,0.0033398372610690757,1.5625e-05
859,0.02565495284687389,0.003214638948440552,0.0033273174298062234,1.5625e-05
860,0.026179992387511515,0.003896284508705139,0.003384214137696115,1.5625e-05
861,0.025821122182499278,0.003040093755722046,0.003349802099498708,1.5625e-05
862,0.026177920413017274,0.0035550467014312742,0.0033703265596919645,1.5625e-05
863,0.026236191361600703,0.003166363215446472,0.0033499302252674155,1.5625e-05
864,0.026072423167662187,0.0033754226684570314,0.0033524794695863774,1.5625e-05
865,0.02608484420776367,0.0030574437379837036,0.00332297589642611,1.5625e-05
866,0.026004477899724786,0.0030695231437683104,0.0032976306211603304,1.5625e-05
867,0.025921246071295305,0.003657579445838928,0.00333362550362819,1.5625e-05
868,0.025958145759322426,0.003448255181312561,0.0033450884713966274,1.5625e-05
869,0.025906659108942205,0.002948907470703125,0.0033054703713272775,1.5625e-05
870,0.026083508006009188,0.004309783077239991,0.003405901641918549,1.5625e-05
871,0.02583144629435106,0.0032746486186981203,0.003392776339596506,1.5625e-05
872,0.026116997718811034,0.0032031360626220704,0.0033738123118990625,1.5625e-05
873,0.02591262140274048,0.003559286880493164,0.003392359768758473,1.5625e-05
874,0.02603334757631475,0.003478662443161011,0.0034009900361987263,1.5625e-05
875,0.02631125907789577,0.003220598673820496,0.003382950899960903,1.5625e-05
876,0.026033456765521656,0.004747785806655884,0.0035194343906304014,1.5625e-05
877,0.02599528092254292,0.003178196144104004,0.0034853105659777613,1.5625e-05
878,0.026060117827762255,0.0032224144697189333,0.0034590209563518785,1.5625e-05
879,0.026009247729995032,0.003348131346702576,0.003447931995386948,1.5625e-05
880,0.025811258110133083,0.003173982572555542,0.0034205370531038073,1.5625e-05
881,0.02614576865759763,0.003398044276237488,0.0034182877754171757,1.5625e-05
882,0.02621282398267226,0.0030872647762298583,0.003385185475498444,1.5625e-05
883,0.02613580575206063,0.0030042121648788454,0.0033470881444364843,1.5625e-05
884,0.025981839312206614,0.0030284162282943725,0.003315220952822273,1.5625e-05
885,0.02607360323559154,0.003184242081642151,0.0033021230657042607,1.5625e-05
886,0.0260527375145392,0.003593355369567871,0.0033312462960906216,1.5625e-05
887,0.025967646076462486,0.0032945334434509276,0.0033275750108266522,1.5625e-05
888,0.025784661665829746,0.003200899648666382,0.003314907474610625,1.5625e-05
889,0.026178941141475332,0.002914610433578491,0.003274877770507411,1.5625e-05
890,0.026094314276088368,0.0035399503231048584,0.0033013850257671558,1.5625e-05
891,0.026211856872385197,0.003378388261795044,0.0033090853493699442,1.5625e-05
892,0.025932313476909292,0.00568220796585083,0.003546397611018033,1.5625e-05
893,0.026092019139636647,0.0035110019445419314,0.003542858044370423,1.5625e-05
894,0.026208585362000898,0.003273351764678955,0.003515907416401276,1.5625e-05
895,0.02594462581764568,0.0031206329584121703,0.0034763799706023653,1.5625e-05
896,0.025949250544201243,0.003870869755744934,0.003515828949116622,1.5625e-05
897,0.026015813504565846,0.0030116702556610107,0.003465413079771061,1.5625e-05
898,0.02599610727483576,0.003459753727912903,0.003464847144585245,1.5625e-05
899,0.025865021176771683,0.003639431405067444,0.0034823055706334647,1.5625e-05
900,0.026089412756399675,0.003187949728965759,0.003452869986466694,1.5625e-05
901,0.026053084806962445,0.0031780924320220947,0.0034253922310222337,1.5625e-05
902,0.02594969156655398,0.0030893164873123167,0.003391784656651242,1.5625e-05
903,0.02590508928082206,0.0038071117877960204,0.00343331736976572,1.5625e-05
904,0.025940020990371702,0.0036163175106048583,0.003451617383849634,1.5625e-05
905,0.026073953741247005,0.0032449830293655394,0.0034309539484012243,1.5625e-05
906,0.025848950791358946,0.0032619040966033936,0.0034140489632214412,1.5625e-05
907,0.025706822976199063,0.0037967185735702513,0.003452315924256322,1.5625e-05
908,0.026105995347283105,0.0036858349800109862,0.0034756678298317888,1.5625e-05
909,0.025988610215620562,0.004030192708969116,0.0035311203177455213,1.5625e-05
910,0.025772224201939323,0.003689169454574585,0.0035469252314284275,1.5625e-05
911,0.02591090343431993,0.003272845220565796,0.0035195172303421644,1.5625e-05
912,0.02593611645265059,0.003116899514198303,0.0034792554587277785,1.5625e-05
913,0.02577526462728327,0.003316300630569458,0.0034629599759119466,1.5625e-05
914,0.02589324948354201,0.003354453539848328,0.0034521093323055846,1.5625e-05
915,0.025980080663074147,0.003216332292556763,0.0034285316283307024,1.5625e-05
916,0.025811216627467763,0.003502116250991821,0.0034358900905968144,1.5625e-05
917,0.02601277483593334,0.0033413564682006837,0.003426436728357201,1.5625e-05
918,0.026003024634447966,0.003341731238365173,0.0034179661793579982,1.5625e-05
919,0.025980313188379463,0.0030254000425338746,0.003378709565675586,1.5625e-05
920,0.026091724744710054,0.003214363980293274,0.003362275007137355,1.5625e-05
921,0.026045873388377102,0.0031113593101501466,0.0033371834374386344,1.5625e-05
922,0.025750913320888174,0.0030140947103500368,0.0033048745647297744,1.5625e-05
923,0.02594160671450875,0.003574702572822571,0.003331857365539054,1.5625e-05
924,0.025967178214680066,0.0031492372274398803,0.0033135953517291366,1.5625e-05
925,0.025983693662556734,0.003334541916847229,0.0033156900082409457,1.5625e-05
926,0.025885816929557107,0.0030168870210647582,0.003285809709523327,1.5625e-05
927,0.025700096646222203,0.00463918399810791,0.0034211471383817854,1.5625e-05
928,0.025747889685630798,0.0031164538145065307,0.00339067780599426,1.5625e-05
929,0.026134336085753006,0.0033081917762756347,0.0033824292030223972,1.5625e-05
930,0.025873913876576858,0.0037394694566726685,0.0034181332283874243,1.5625e-05
931,0.026087149234251542,0.003223556971549988,0.0033986756027036802,1.5625e-05
932,0.02579664506261999,0.003419844937324524,0.0034007925361657643,1.5625e-05
933,0.026140993777188388,0.003754663372039795,0.0034361796197531673,1.5625e-05
934,0.026011973684484307,0.0029792510986328125,0.003390486767641132,1.5625e-05
935,0.02592951543114402,0.0030296640396118165,0.0033544044948382,1.5625e-05
936,0.02610227849266746,0.004429117012023926,0.0034618757465567727,1.5625e-05
937,0.0260086684812199,0.0031463385343551637,0.0034303220253366117,1.5625e-05
938,0.025912869280034844,0.003014492988586426,0.003388739121661593,1.5625e-05
939,0.025938306442174045,0.0032252544164657593,0.0033723906511420095,1.5625e-05
940,0.025959539879452098,0.003987507224082947,0.003433902308436103,1.5625e-05
941,0.02585831004706296,0.0030221784353256227,0.0033927299211250553,1.5625e-05
942,0.026103916798938403,0.002991810131072998,0.00335263794211985,1.5625e-05
943,0.025915945198319176,0.0031227964401245117,0.003329653791920316,1.5625e-05
944,0.02584215480414304,0.0032959309577941893,0.003326281508507703,1.5625e-05
945,0.025866442862423983,0.0034421857833862304,0.0033378719359955554,1.5625e-05
946,0.02600577982122248,0.0032403021335601807,0.003328114955752018,1.5625e-05
947,0.025998482524264944,0.00498959584236145,0.003494263044412961,1.5625e-05
948,0.025897990200736305,0.0034278642892837524,0.0034876231689000407,1.5625e-05
949,0.02595807441364635,0.0030830867528915404,0.0034471695272991904,1.5625e-05
950,0.025916661019758744,0.0032102764129638673,0.0034234802158656583,1.5625e-05
951,0.025924918791380796,0.003588731932640076,0.0034400053875431004,1.5625e-05
952,0.026044316536729985,0.0032793512105941773,0.0034239399698482082,1.5625e-05
953,0.026163664403828706,0.003232107949256897,0.0034047567677890768,1.5625e-05
954,0.025925353906371375,0.003115781807899475,0.003375859271800117,1.5625e-05
955,0.025959353609518572,0.0031741265296936034,0.0033556859975894656,1.5625e-05
956,0.025831839613481,0.002990884804725647,0.0033192058783030835,1.5625e-05
957,0.02568779876015403,0.003111545395851135,0.003298439830057889,1.5625e-05
958,0.02597150042490526,0.003415649938583374,0.003310160840910437,1.5625e-05
959,0.025958294194394892,0.0029422852993011474,0.0032733732867495082,1.5625e-05
960,0.026067257924513382,0.003621398425102234,0.0033081758005847808,1.5625e-05
961,0.025760475423119284,0.0033437738180160524,0.0033117356023279077,1.5625e-05
962,0.025981710746071557,0.0031080914974212647,0.003291371191837243,1.5625e-05
963,0.025863203274119985,0.0030807525873184204,0.003270309331385361,1.5625e-05
964,0.02589059905789115,0.003077903699874878,0.0032510687682343127,1.5625e-05
965,0.025740359191461042,0.003606816554069519,0.0032866435468178333,1.5625e-05
966,0.026124991633675314,0.003022449707984924,0.0032602241629345425,1.5625e-05
967,0.0258914860421961,0.0030639820337295533,0.0032405999500140434,1.5625e-05
968,0.025846753068403765,0.0029752532482147215,0.003214065279834111,1.5625e-05
969,0.02595348215970126,0.0037654924392700197,0.0032692079957777017,1.5625e-05
970,0.02595729683745991,0.0034996538877487184,0.0032922525849748037,1.5625e-05
971,0.026043685507774354,0.003121744799613953,0.003275201806438719,1.5625e-05
972,0.026163194743069735,0.0030825446605682373,0.003255936091851671,1.5625e-05
973,0.02601525270722129,0.002949914908409119,0.0032253339735074157,1.5625e-05
974,0.026021790595488113,0.0032818015336990355,0.0032309807295265777,1.5625e-05
975,0.026006225486235185,0.003855330419540405,0.0032934156985279604,1.5625e-05
976,0.025614828515052795,0.0031982652187347413,0.0032839006505486386,1.5625e-05
977,0.025712241515246304,0.003797198796272278,0.0033352304651210023,1.5625e-05
978,0.025729639049009843,0.003389524531364441,0.003340659871745346,1.5625e-05
979,0.026058136417649008,0.004191431045532226,0.0034257369891240344,1.5625e-05
980,0.026022513157671148,0.002894078707695007,0.0033725711609811316,1.5625e-05
981,0.02613652228225361,0.0029829743862152098,0.0033336114835045396,1.5625e-05
982,0.026157254899631846,0.00402387912273407,0.0034026382474274925,1.5625e-05
983,0.02587811042612249,0.003118270564079285,0.0033742014790926716,1.5625e-05
984,0.025687037543817,0.0031527937889099123,0.0033520607100743956,1.5625e-05
985,0.0258478786425157,0.003066631364822388,0.003323517775549195,1.5625e-05
986,0.025959287760474466,0.0029151108980178834,0.0032826770877960637,1.5625e-05
987,0.026260340705784885,0.003613678503036499,0.0033157772293201074,1.5625e-05
988,0.02575438872684132,0.003009681248664856,0.0032851676312545823,1.5625e-05
989,0.026108877370574258,0.0029288970947265627,0.00324954057760178,1.5625e-05
990,0.02585196676904505,0.003793324613571167,0.003303918981198719,1.5625e-05
991,0.025983509434353222,0.0029991117954254153,0.0032734382626213887,1.5625e-05
992,0.025787826043909248,0.0031626570701599123,0.003262360143375241,1.5625e-05
993,0.025997963690757752,0.003501120615005493,0.0032862361905382663,1.5625e-05
994,0.025900174910371953,0.003030661988258362,0.003260678770310276,1.5625e-05
995,0.02589564384763891,0.0031839937925338744,0.003253010272532636,1.5625e-05
996,0.02619934769110246,0.0028877839326858523,0.0032164876385479576,1.5625e-05
997,0.02595088365728205,0.00333673677444458,0.0032285125521376197,1.5625e-05
998,0.026055663548816332,0.0033935717105865477,0.0032450184679825127,1.5625e-05
999,0.025981056828932328,0.0038742369413375857,0.0033079403153180196,1.5625e-05
1000,0.025843238128315318,0.0029375299215316773,0.0032708992759393853,1.5625e-05
