Epoch	Training loss	Validation loss	smoothed_val_loss	Adam LR
1	0.4793586679718711	0.07418989448547364	0.07418989448547364	0.0005
2	0.04747267451936548	0.03313887634277344	0.07008479267120361	0.0005
3	0.022491511140086434	0.04027462272644043	0.06710377567672729	0.0005
4	0.015325043482672085	0.01943554630279541	0.06233695273933411	0.0005
5	0.012047017547217282	0.016726307773590087	0.05777588824275971	0.0005
6	0.010444678722728383	0.006194506645202637	0.05261775008300401	0.0005
7	0.009313275204463439	0.006507660722732544	0.04800674114697687	0.0005
8	0.008331798270615665	0.012357192611694335	0.04444178629344862	0.0005
9	0.007305419809709896	0.0072815343379974366	0.0407257610979035	0.0005
10	0.007229442686926235	0.005892436075210571	0.0372424285956342	0.0005
11	0.006534287951751189	0.007790661668777466	0.034297251902948536	0.0005
12	0.005840335661172867	0.01038645544052124	0.031906172256705806	0.0005
13	0.005630970664457841	0.005585373544692993	0.029274092385504526	0.0005
14	0.005713298312642358	0.005796429061889648	0.02692632605314304	0.0005
15	0.0047660640651529486	0.0035012821912765502	0.02458382166695639	0.0005
16	0.004733741760389372	0.0053932268142700196	0.022664762181687757	0.0005
17	0.004636463061787865	0.00331238169670105	0.020729524133189087	0.0005
18	0.004545014245943589	0.0035435750484466553	0.019010929224714843	0.0005
19	0.003815858732163906	0.005265920186042786	0.017636428320847636	0.0005
20	0.003854686746407639	0.0031778990507125853	0.016190575393834134	0.0005
21	0.003873665261945941	0.003431313896179199	0.01491464924406864	0.0005
22	0.003577332285317508	0.003082967567443848	0.013731481076406163	0.0005
23	0.003559183179248463	0.002490132474899292	0.012607346216255476	0.0005
24	0.0033566077636046844	0.002680942368507385	0.011614705831480667	0.0005
25	0.003390189994465221	0.0028753312110900878	0.01074076836944161	0.0005
26	0.003076386625116522	0.00641306185722351	0.010307997718219802	0.0005
27	0.0031191748214038934	0.0027673959970474244	0.009553937546102564	0.0005
28	0.002932017100534656	0.0021581565618515016	0.008814359447677458	0.0005
29	0.002893008628352122	0.0019952188968658446	0.008132445392596298	0.0005
30	0.002702138421887701	0.004318924450874328	0.007751093298424101	0.0005
31	0.002943868794766339	0.0026981248378753664	0.007245796452369228	0.0005
32	0.0027479220403866336	0.004541425013542175	0.006975359308486523	0.0005
33	0.0025721835760907693	0.004548119711875916	0.006732635348825462	0.0005
34	0.002594719478217038	0.002557279396057129	0.006315099753548629	0.0005
35	0.0026396593214436013	0.002394560933113098	0.0059230458715050765	0.0005
36	0.0024249828106977724	0.0019721863508224487	0.005527959919436814	0.0005
37	0.0026229281654412094	0.0026452735900878905	0.005239691286501922	0.0005
38	0.002202682293138721	0.004212997460365296	0.00513702190388826	0.0005
39	0.002476036363975568	0.0032082746505737304	0.004944147178556807	0.0005
40	0.002095936013487252	0.0024997382164001465	0.004699706282341141	0.0005
41	0.0023661668734116987	0.002091393494606018	0.004438875003567628	0.0005
42	0.002168968790363182	0.003323625349998474	0.004327350038210713	0.0005
43	0.0021658082620664076	0.0027330193996429443	0.004167916974353937	0.0005
44	0.0022043453201651573	0.005090087652206421	0.004260134042139185	0.0005
45	0.0019942019430073824	0.0028988068103790285	0.00412400131896317	0.0005
46	0.002068275761604309	0.001867242383956909	0.0038983254254625435	0.0005
47	0.002003642634505575	0.0028927210330963135	0.0037977649862259207	0.0005
48	0.0021120180342685093	0.0024697457551956176	0.0036649630631228904	0.0005
49	0.001860326563905586	0.0015576561450958253	0.003454232371320184	0.0005
50	0.001938548149845817	0.001901735520362854	0.0032989826862244507	0.0005
51	0.0019509444849057631	0.0015713825225830078	0.0031262226698603067	0.0005
52	0.00171679972383109	0.003441744661331177	0.0031577748690073937	0.0005
53	0.0018460987594994631	0.0015778788805007934	0.0029997852701567334	0.0005
54	0.0017513150865381415	0.00500305118560791	0.003200111861701851	0.0005
55	0.0018345460057258606	0.0016181950330734253	0.0030419201788390087	0.0005
56	0.0017318115277723833	0.0018426734685897826	0.002921995507814086	0.0005
57	0.0018135580497709188	0.0013104435682296752	0.002760840313855645	0.0005
58	0.001598355521126227	0.0027986687421798708	0.002764623156688068	0.0005
59	0.0017344875725832853	0.002157465124130249	0.0027039073534322862	0.0005
60	0.0015761922695420006	0.0017386710643768311	0.0026073837245267407	0.0005
61	0.0014613635250113226	0.0016578335523605347	0.00251242870731012	0.0005
62	0.0016233869509263473	0.0027379417896270753	0.0025349800155418153	0.0005
63	0.0016153076792305165	0.005353422403335572	0.002816824254321191	0.0005
64	0.001461178979684006	0.0017439489841461183	0.002709536727303684	0.0005
65	0.0017682669742540879	0.0018157961606979371	0.0026201626706431093	0.0005
66	0.001542590197649869	0.0014249359369277953	0.002500639997271578	0.0005
67	0.0016410748026587747	0.002101627731323242	0.0024607387706767443	0.0005
68	0.0014747116388245062	0.0030476261138916018	0.00251942750499823	0.0005
69	0.0014482756166295573	0.0015240015268325805	0.002419884907181665	0.0005
70	0.0014756062189286406	0.0016135223150253297	0.0023392486479660315	0.0005
71	0.0015546329217878256	0.0013488774538040161	0.00224021152854983	0.0005
72	0.001313307329334996	0.0025202604293823243	0.0022682164186330796	0.0005
73	0.0013923329816623168	0.001532465147972107	0.002194641291566982	0.0005
74	0.0014076152347705581	0.0015197300910949707	0.002127150171519781	0.0005
75	0.0014208065509796143	0.0013641743183135987	0.0020508525861991627	0.0005
76	0.001295343766971068	0.0016476407527923583	0.002010531402858482	0.0005
77	0.0013232288474386389	0.0013466760873794557	0.0019441458713105797	0.0005
78	0.0012986548213796182	0.0013893463373184204	0.0018886659179113638	0.0005
79	0.0014352860643105073	0.0011909648418426514	0.0018188958103044926	0.0005
80	0.0012713046025146137	0.0015557483673095704	0.0017925810660050004	0.0005
81	0.0014837263032794	0.001355415964126587	0.0017488645558171592	0.0005
82	0.0011874628155068919	0.002626405692100525	0.0018366186694454957	0.0005
83	0.0013882065682248635	0.0018390119075775146	0.0018368579932586978	0.0005
84	0.00122611307610165	0.00150599946975708	0.0018037721409085363	0.0005
85	0.0012745559574528175	0.0014816028594970704	0.0017715552127673898	0.0005
86	0.0012470308298414405	0.002408993458747864	0.0018352990373654372	0.0005
87	0.0011257832246747883	0.001359496808052063	0.0017877188144340998	0.0005
88	0.001376412219080058	0.0018978440046310424	0.0017987313334537941	0.0005
89	0.0012400701230222528	0.0020387975215911867	0.0018227379522675335	0.0005
90	0.0011072494448585944	0.0014348126888275147	0.0017839454259235318	0.0005
91	0.00115596997697245	0.0012374431610107422	0.0017292951994322529	0.0005
92	0.0011376146827231754	0.0014348707199096679	0.0016998527514799945	0.0005
93	0.0029842578797177836	0.001663406753540039	0.001696208151685999	0.0005
94	0.0012111242632974278	0.0012212085723876953	0.0016487081937561687	0.0005
95	0.0013247939972714944	0.001517544984817505	0.0016355918728623024	0.0005
96	0.0011600651130080223	0.0013480215311050415	0.0016068348386865765	0.0005
97	0.0013181185555728998	0.0021597092390060425	0.0016621222787185231	0.0005
98	0.0013354158901355483	0.0012679993867874145	0.0016227099895254123	0.0005
99	0.001184014504064213	0.0013037804126739502	0.0015908170318402661	0.0005
100	0.001185156369886615	0.002109012222290039	0.0016426365508852435	0.0005
101	0.0012764538244767623	0.0015674068927764892	0.0016351135850743682	0.0005
102	0.0013212522707202218	0.0015178056955337524	0.0016233827961203067	0.0005
103	0.0011053990922190926	0.0016201430082321167	0.0016230588173314876	0.0005
104	0.0010738153486089272	0.0016250601530075073	0.0016232589508990895	0.0005
105	0.0011525681986050173	0.0013394067525863648	0.001594873731067817	0.0005
106	0.0012590266592123292	0.001503954029083252	0.0015857817608693607	0.0005
107	0.0010939998496662486	0.00139853835105896	0.0015670574198883207	0.0005
108	0.0011490549288012764	0.0015129932641983032	0.001561651004319319	0.0005
109	0.00105045183328065	0.0011798217058181762	0.0015234680744692047	0.0005
110	0.0011154871466484938	0.0012903692245483398	0.0015001581894771184	0.0005
111	0.0010467913047833876	0.0012056067943573	0.0014707030499651365	0.0005
112	0.0011218957365913824	0.0016501337289810182	0.0014886461178667248	0.0005
113	0.0009994007366624746	0.0011427857160568238	0.0014540600776857347	0.0005
114	0.001066732450642369	0.0015126984596252442	0.0014599239158796856	0.0005
115	0.0010369518037546765	0.001291498827934265	0.0014430814070851435	0.0005
116	0.0011040901147506455	0.005833532762527465	0.0018821265426293757	0.0005
117	0.0010971169059926812	0.001336411166191101	0.0018275550049855482	0.0005
118	0.0009678992753679103	0.0012963052988052368	0.001774430034367517	0.0005
119	0.0009984714503992688	0.0013666921854019166	0.001733656249470957	0.0005
120	0.0009339920371770859	0.0012582308530807494	0.0016861137098319364	0.0005
121	0.0010246539258144118	0.0011368064403533935	0.0016311829828840822	0.0005
122	0.0011162204944274643	0.0010852296590805053	0.0015765876505037246	0.0005
123	0.0009669825383208015	0.0021728447198867797	0.0016362133574420303	0.0005
124	0.0009902312419631265	0.0012807185888290406	0.0016006638805807314	0.0005
125	0.0009507155327634378	0.0012333544969558715	0.0015639329422182456	0.0005
126	0.0009912447550080039	0.00111265127658844	0.001518804775655265	0.0005
127	0.0009567516581578689	0.0025469788551330565	0.001621622183603044	0.0005
128	0.0010121716088869355	0.003019680738449097	0.0017614280390876493	0.0005
129	0.0008380004931579937	0.0010130368947982788	0.0016865889246587124	0.0005
130	0.0009518169512802904	0.001240139889717102	0.0016419440211645512	0.0005
131	0.0009213641719384627	0.0016846733331680299	0.0016462169523648992	0.0005
132	0.0009607191433960742	0.0018447210550308227	0.0016660673626314915	0.0005
133	0.0009431800496849147	0.0011018543004989625	0.0016096460564182387	0.0005
134	0.0009567918812686747	0.001174558687210083	0.0015661373194974233	0.0005
135	0.0009674616652456197	0.0012568792343139647	0.0015352115109790775	0.0005
136	0.0008360011887821284	0.0010789101123809815	0.001489581371119268	0.0005
137	0.0008254419290206649	0.001100296139717102	0.0014506528479790515	0.0005
138	0.0009997915490107102	0.0013231949090957641	0.0014379070540907228	0.0005
139	0.0008803658432581208	0.0010234686613082885	0.0013964632148124794	0.0005
140	0.000903537208925594	0.0016304116487503052	0.001419858058206262	0.0005
141	0.0008463135292584245	0.0011540221452713013	0.001393274466912766	0.0005
142	0.0009070556831630793	0.0010994722843170165	0.0013638942486531912	0.0005
143	0.0009130012833259323	0.0015966342449188233	0.0013871682482797544	0.0005
144	0.0008294084296985106	0.0011388882160186767	0.0013623402450536467	0.0005
145	0.0009662530808286233	0.0011754205226898193	0.001343648272817264	0.0005
146	0.0008240706575187769	0.001387144684791565	0.0013479979140146943	0.0005
147	0.0008710124571215022	0.0010656012058258056	0.0013197582431958054	0.0005
148	0.0008820879483764822	0.0012020440340042113	0.001307986822276646	0.0005
149	0.0008775304818695242	0.001077590012550354	0.0012849471413040167	0.0005
150	0.0009061873935840346	0.0011128960132598877	0.0012677420284996038	0.0005
151	0.0008219845909963955	0.0012383178472518922	0.0012647996103748325	0.0005
152	0.0008227106289430098	0.0012962717771530152	0.0012679468270526508	0.0005
153	0.0008544399869712916	0.0010370307207107543	0.001244855216418461	0.0005
154	0.0008833315222100778	0.0014481860637664795	0.001265188301153263	0.0005
155	0.0011492153460329229	0.0013053946256637572	0.0012692089336043123	0.0005
156	0.0008093026140874082	0.0014639263391494752	0.0012886806741588285	0.0005
157	0.000783788725733757	0.0012127759695053102	0.0012810902036934767	0.0005
158	0.0008075104615905068	0.0010532382011413574	0.0012583050034382648	0.0005
159	0.0007787567335096273	0.0009212291717529297	0.0012245974202697314	0.0005
160	0.0008412914874878797	0.0012048281908035277	0.0012226204973231109	0.0005
161	0.0008437563782388513	0.0013186748743057252	0.0012322259350213724	0.0005
162	0.0008200119774449955	0.001606086540222168	0.001269611995541452	0.0005
163	0.0007944719284772873	0.0019334234952926635	0.0013359931455165731	0.0005
164	0.0008220600800080733	0.0010894541025161743	0.0013113392412165332	0.0005
165	0.0008103510072285479	0.0010570358037948608	0.0012859088974743662	0.0005
166	0.0007918542630293153	0.0009358015537261963	0.0012508981630995493	0.0005
167	0.0007838646803389896	0.0015064450025558472	0.0012764528470451792	0.0005
168	0.0008255821666934273	0.0011413713932037354	0.001262944701661035	0.0005
169	0.0008776073228229176	0.0011821921348571778	0.0012548694449806494	0.0005
170	0.0007530639162117784	0.001095153594017029	0.0012388978598842873	0.0005
171	0.000865276479314674	0.0009876975297927857	0.0012137778268751372	0.0005
172	0.0007556775202805345	0.0014791964530944824	0.0012403196894970718	0.0005
173	0.0007661344800483097	0.0009749653100967408	0.0012137842515570387	0.0005
174	0.0008125791641798887	0.0017900603771209716	0.001271411864113432	0.0005
175	0.0007945282545956698	0.0010635973930358887	0.0012506304170056778	0.0005
176	0.0007561852824958888	0.0010034163951873779	0.0012259090148238477	0.0005
177	0.0008079639526930722	0.0016539019107818605	0.0012687083044196491	0.0005
178	0.0007134053627198393	0.0011276643991470338	0.0012546039138923877	0.0005
179	0.0007634772952307354	0.0010797195434570311	0.001237115476848852	0.0005
180	0.0008059832335873084	0.0009822678565979005	0.001211630714823757	0.0005
181	0.0007197156224738468	0.000961773943901062	0.0011866450377314877	0.0005
182	0.0007243762184273113	0.0014273380279541015	0.0012107143367537491	0.0005
183	0.0007354331863197413	0.0012929571628570557	0.00121893861936408	0.0005
184	0.0007605142877860503	0.0017002153873443603	0.001267066296162108	0.0005
185	0.0007573943839831786	0.0011012908458709718	0.0012504887511329942	0.0005
186	0.0007312305191701109	0.0015788288354873657	0.0012833227595684315	0.0005
187	0.0007475553291765127	0.000985983943939209	0.0012535888780055092	0.0005
188	0.0007127385838465257	0.001650164771080017	0.00129324646731296	0.0005
189	0.0007306000131097707	0.0012046327114105225	0.0012843850917227163	0.0005
190	0.0006852005050940948	0.0010368149995803834	0.001259628082508483	0.0005
191	0.000746430234069174	0.0019298646926879882	0.0013266517435264334	0.0005
192	0.0007252278210087256	0.0011543346166610717	0.0013094200308398972	0.0005
193	0.0008010694297877225	0.0009602638244628906	0.0012745044102021965	0.0005
194	0.0006679933283816684	0.0012381057977676393	0.001270864548958741	0.0005
195	0.000682888260754672	0.001087079882621765	0.0012524860823250434	0.0005
196	0.0007532482046972622	0.0009142802476882934	0.0012186654988613683	0.0005
197	0.0007320166892626069	0.0009690797805786133	0.0011937069270330928	0.0005
198	0.0007077398680827835	0.001300645637512207	0.0012044007980810043	0.0005
199	0.0006568140963261778	0.0015681460618972777	0.0012407753244626316	0.0005
200	0.0007427802538329905	0.0015599887132644653	0.0012726966633428152	0.0005
201	0.0006771279687231238	0.0015768682718276977	0.0013031138241913034	0.0005
202	0.000764781984009526	0.0010364155530929566	0.0012764439970814688	0.0005
203	0.0006785396161404523	0.0011683892011642456	0.0012656385174897465	0.0005
204	0.0007165510888804088	0.0009056047916412354	0.0012296351449048953	0.0005
205	0.0007367342780936848	0.0010116201877593994	0.0012078336491903457	0.0005
206	0.00064300242242488	0.0008702046155929566	0.0011740707458306068	0.0005
207	0.0007133625942197713	0.0017203259468078613	0.0012286962659283323	0.0005
208	0.0006902732400731607	0.0011597673892974854	0.0012218033782652477	0.0005
209	0.0007526692749424414	0.0011805641889572143	0.0012176794593344443	0.0005
210	0.0006494707944718274	0.001321428155899048	0.0012280543289909047	0.0005
211	0.0007421396355737339	0.0013961081504821778	0.0012448597111400321	0.0005
212	0.000693535363945094	0.0015654344558715821	0.0012769171856131872	0.0005
213	0.0006106306955218316	0.0010768628120422362	0.0012569117482560922	0.0005
214	0.0006704489954493263	0.0012329401254653931	0.0012545145859770223	0.0005
215	0.0007431582365523685	0.0013807538986206054	0.0012671385172413805	0.0005
216	0.0006817333516749469	0.001169194221496582	0.0012573440876669007	0.0005
217	0.0006335422392595899	0.0009397026300430297	0.0012255799419045137	0.0005
218	0.0007028823268684474	0.0013154216766357422	0.0012345641153776368	0.0005
219	0.0006988838079300794	0.0019087296962738037	0.0013019806734672536	0.0005
220	0.0006738272788849744	0.0008563025236129761	0.0012574128584818258	0.0005
221	0.0006407034073363651	0.0009664961099624634	0.0012283211836298896	0.0005
222	0.000669573327763514	0.0011095372915267945	0.0012164427944195801	0.0005
223	0.0006435394965789535	0.0031164964199066163	0.0014064481569682837	0.0005
224	0.0006574693870815364	0.0024692736864089966	0.001512730709912355	0.0005
225	0.00068709292804653	0.0009283761024475097	0.0014542952491658704	0.0005
226	0.0006301609121940353	0.0010254689931869507	0.0014114126235679784	0.0005
227	0.0006583418889479204	0.0008819663286209106	0.0013584679940732718	0.0005
228	0.0006670728370547295	0.0010170757055282592	0.0013243287652187703	0.0005
229	0.0006367649398066781	0.0010658140420913697	0.0012984772929060303	0.0005
230	0.000634522115235979	0.0009613685131072998	0.0012647664149261573	0.0005
231	0.0006809662793170323	0.0010792443037033082	0.0012462142038038725	0.0005
232	0.000661631190776825	0.0008760061025619507	0.0012091933936796803	0.0005
233	0.0006340155406431719	0.0013672057628631592	0.0012249946305980283	0.0005
234	0.0006310916311361573	0.0009440762281417846	0.0011969027903524039	0.0005
235	0.0006602786627682773	0.0011387898683547974	0.0011910914981526433	0.0005
236	0.0006288981835950504	0.0013171292543411254	0.0012036952737714917	0.0005
237	0.0006100170396945694	0.0008295539855957032	0.001166281144953913	0.0005
238	0.0006641500268470157	0.0010507554292678834	0.0011547285733853102	0.0005
239	0.0006456596982750025	0.00147954044342041	0.00118720976038882	0.0005
240	0.0006285216821865602	0.0013159914016723632	0.0012000879245171745	0.0005
241	0.0006568170712752775	0.0010328502416610719	0.0011833641562315643	0.0005
242	0.0005713519715450026	0.0010392511367797851	0.0011689528542863862	0.0005
243	0.0006509439701383764	0.0011126060724258424	0.001163318176100332	0.0005
244	0.0006058068267323754	0.0012654181480407714	0.0011735281732943759	0.0005
245	0.0006829314059831879	0.0008970852136611938	0.0011458838773310577	0.0005
246	0.0006104603524912487	0.0007777973651885986	0.0011090752261168119	0.0005
247	0.0005804914498871023	0.0011507717370986938	0.001113244877215	0.0005
248	0.0006561928349462422	0.0014215224266052246	0.0011440726321540226	0.0005
249	0.0006444854266264222	0.0009091440439224244	0.001120579773330863	0.0005
250	0.0005664317685094746	0.0008954429626464844	0.001098066092262425	0.0005
251	0.0005983001092618162	0.0012524029970169067	0.0011134997827378734	0.0005
252	0.0006277513678778302	0.0012373927116394042	0.0011258890756280266	0.0005
253	0.0005850270137190819	0.0010030861377716064	0.0011136087818423848	0.0005
254	0.0006530712008476257	0.0012683418035507202	0.0011290820840132183	0.0005
255	0.0006029472212899815	0.000972001051902771	0.0011133739808021736	0.0005
256	0.0005752131029963494	0.0010739946126937865	0.0011094360439913348	0.0005
257	0.0006885223455049775	0.0008068531036376953	0.0010791777499559708	0.0005
258	0.0005315013525160876	0.0012712968111038207	0.0010983896560707558	0.0005
259	0.0006504238386045803	0.001184392499923706	0.001106989940456051	0.0005
260	0.0005801228292963721	0.0009616922855377198	0.0010924601749642178	0.0005
261	0.0005714539307084951	0.00127047598361969	0.001110261755829765	0.0005
262	0.000645918127081611	0.0016981730699539184	0.0011690528872421804	0.0005
263	0.0006169324584982612	0.0008503884792327881	0.0011371864464412413	0.0005
264	0.0005663612405007536	0.001007398295402527	0.0011242076313373699	0.0005
265	0.001344223740425977	0.0009242622137069702	0.0011042130895743299	0.0005
266	0.0004609203578396277	0.000927345871925354	0.0010865263678094324	0.0005
267	0.0005743321680209854	0.0009339637756347656	0.0010712701085919657	0.0005
268	0.0005541408820585771	0.0010364027738571167	0.0010677833751184809	0.0005
269	0.000651909395375035	0.0009966036081314087	0.0010606653984197737	0.0005
270	0.0006457715090025556	0.0008455307483673096	0.0010391519334145272	0.0005
271	0.0005513669378378175	0.0009915576219558717	0.0010343925022686616	0.0005
272	0.000645856723189354	0.0010801811933517456	0.00103897137137697	0.0005
273	0.0005721714640205557	0.0009074423789978027	0.0010258184721390533	0.0005
274	0.000605705009942705	0.0009888978242874144	0.0010221264073538895	0.0005
275	0.0005664790707555684	0.0010498284578323363	0.001024896612401734	0.0005
276	0.0005766010541807522	0.0010157604217529298	0.0010239829933368536	0.0005
277	0.0006545200446789915	0.0009012135028839112	0.0010117060442915594	0.0005
278	0.0005289547255093401	0.0009131043195724488	0.0010018458718196483	0.0005
279	0.0005974963129921392	0.0009582337856292724	0.0009974846632006106	0.0005
280	0.0005662805011326617	0.0009735609769821167	0.0009950922945787613	0.0005
281	0.0005640778857198629	0.0009709081411361694	0.0009926738792345022	0.0005
282	0.0005620208416472782	0.0009164131164550781	0.0009850478029565597	0.0005
283	0.0005587473838166757	0.0007273520946502685	0.0009592782321259307	0.0005
284	0.0006210591765967282	0.0010059105157852173	0.0009639414604918594	0.0005
285	0.0005727005210789767	0.0014623329162597655	0.00101378060606865	0.0005
286	0.0005383698685602708	0.0011460323333740234	0.0010270057787991874	0.0005
287	0.0005580370156602426	0.0010574558019638062	0.0010300507811156494	0.0005
288	0.0005821916184642098	0.0007812095642089844	0.001005166659424983	0.0005
289	0.0006430617821487514	0.000861258864402771	0.0009907758799227618	0.0005
290	0.0004979637028141456	0.0008940197229385376	0.0009811002642243394	0.0005
291	0.0005452728374437852	0.0008159288883209228	0.0009645831266339978	0.0005
292	0.0005778421880169349	0.0019116598129272461	0.0010592907952633227	0.0005
293	0.0006189434108409015	0.0011139128923416137	0.0010647530049711518	0.0005
294	0.0005328875240954486	0.0009410232067108154	0.0010523800251451183	0.0005
295	0.000599310760741884	0.0009551201105117798	0.0010426540336817844	0.0005
296	0.0005559231514280493	0.0008912711143493653	0.0010275157417485425	0.0005
297	0.0005266536189751192	0.0011040194272994995	0.001035166110303638	0.0005
298	0.000549107455665415	0.0012385523557662964	0.0010555047348499039	0.0005
299	0.000561969772929495	0.001444166898727417	0.0010943709512376552	0.0005
300	0.0005733462859283794	0.000948724627494812	0.001079806318863371	0.0005
301	0.0005995963872833686	0.0009662748098373413	0.0010684531679607681	0.0005
302	0.000512282034619288	0.0020744892597198486	0.001169056777136676	0.0005
303	0.0005460520085963336	0.0008736331701278687	0.0011395144164357955	0.0005
304	0.0005476214197548953	0.001036079740524292	0.001129170948844645	0.0005
305	0.0005496701029213992	0.0010440592527389526	0.0011206597792340757	0.0005
306	0.000519404907795516	0.0008370634317398071	0.001092300144484649	0.0005
307	0.0005764983227307146	0.00096278235912323	0.0010793483659485071	0.0005
308	0.0004711658701300621	0.0009009449958801269	0.0010615080289416692	0.0005
309	0.0006079438411376693	0.0009178330183029175	0.001047140527877794	0.0005
310	0.000513387185064229	0.001046520447731018	0.0010470785198631164	0.0005
311	0.0005344514924016866	0.0009252741575241089	0.0010348980836292158	0.0005
312	0.0005543082368644801	0.0010874364376068115	0.0010401519190269754	0.0005
313	0.0005447633641687306	0.0010087143898010254	0.0010370081661043803	0.0005
314	0.0005437920132821257	0.0010601289987564088	0.0010393202493695832	0.0005
315	0.0005374067681756887	0.0009130119323730469	0.0010266894176699296	0.0005
316	0.0005046043799682098	0.0009793664932250977	0.0010219571252254463	0.0005
317	0.0005772411819208752	0.0009812833547592163	0.0010178897481788233	0.0005
318	0.0005308751942081885	0.000873226809501648	0.0010034234543111057	0.0005
319	0.0005502179931510579	0.0009201375961303711	0.0009950948684930322	0.0005
320	0.0005018519274213098	0.0009112780332565307	0.0009867131849693822	0.0005
321	0.0005837572028691119	0.0008816951990127563	0.0009762113863737196	0.0005
322	0.0005031776613809845	0.0009653882026672364	0.0009751290680030713	0.0005
323	0.0005171318904920058	0.0009499312162399292	0.0009726092828267571	0.0005
324	0.0005724267039786686	0.0008429499864578247	0.0009596433531898638	0.0005
325	0.0005447348476810889	0.0010188435554504395	0.0009655633734159214	0.0005
326	0.0005268386533314531	0.0009483455896377563	0.000963841595038105	0.0005
327	0.0005027964560823007	0.0011712003469467162	0.0009845774702289662	0.0005
328	0.0005309816474264318	0.001116603398323059	0.0009977800630383755	0.0005
329	0.00048512897450815547	0.0011241516590118409	0.001010417222635722	0.0005
330	0.0005387765208428556	0.0011196558952331543	0.0010213410898954652	0.0005
331	0.0005147300828586925	0.001829273533821106	0.0011021343342880294	0.0005
332	0.0005318789873610843	0.0008212771892547608	0.0010740486197847025	0.0005
333	0.0004938663000410254	0.0016295674800872802	0.0011296005058149604	0.0005
334	0.0005880610633980145	0.001162958550453186	0.0011329363102787829	0.0005
335	0.00019129758802327243	0.0006844162046909332	0.001088084299719998	0.00025
336	0.00019099684195085005	0.0007164223432540893	0.001050918104073407	0.00025
337	0.00023657550405372272	0.0007725152730941772	0.001023077820975484	0.00025
338	0.0002280619665980339	0.0007141389846801757	0.0009921839373459532	0.00025
339	0.00023051568107171493	0.000754693078994751	0.0009684348515108331	0.00025
340	0.00022398372902111575	0.0007451655387878418	0.000946107920238534	0.00025
341	0.0002121928173032674	0.0007408864974975586	0.0009255857779644365	0.00025
342	0.0002225460185246034	0.0006921764135360718	0.0009022448415216	0.00025
343	0.00021442881578748876	0.0007002790212631226	0.0008820482594957523	0.00025
344	0.00023429718694903634	0.0008880468130111694	0.000882648114847294	0.00025
345	0.00019986494413831019	0.0006939939737319946	0.0008637827007357641	0.00025
346	0.00023283573632890527	0.0007601859331130981	0.0008534230239734975	0.00025
347	0.00021965864476832477	0.0006937947034835816	0.000837460191924506	0.00025
348	0.00021324644955721768	0.0006758568346500397	0.0008212998561970594	0.00025
349	0.0002165641737255183	0.0007456637859344482	0.0008137362491707984	0.00025
350	0.00021115649356083437	0.0010430421352386474	0.0008366668377775833	0.00025
351	0.00022178267416628924	0.000721160364151001	0.0008251161904149251	0.00025
352	0.00021630256230180915	0.0006880023479461669	0.0008114048061680494	0.00025
353	0.00020933870618993587	0.0007748635113239288	0.0008077506766836374	0.00025
354	0.00021414239027283408	0.0007586343288421631	0.00080283904189949	0.00025
355	0.00019950427521358836	0.00069015793800354	0.0007915709315098951	0.00025
356	0.0002357252848419276	0.0007490160942077637	0.000787315447779682	0.00025
357	0.00019368603188883173	0.0006826023399829865	0.0007768441370000124	0.00025
358	0.0002060593991117044	0.0007212648630142212	0.0007712862096014334	0.00025
359	0.0002183667946945537	0.0006958416938781739	0.0007637417580291074	0.00025
360	0.00020229029763828624	0.0009272310972213745	0.0007800906919483342	0.00025
361	0.00021227441768754612	0.0008006195545196533	0.0007821435782054662	0.00025
362	0.00020381361801515927	0.0007540395259857177	0.0007793331729834914	0.00025
363	0.00020561409186233175	0.0007796114921569824	0.0007793610049008405	0.00025
364	0.00022272094840353185	0.0007706835746765137	0.0007784932618784078	0.00025
365	0.0002009762926535173	0.0006934797823429107	0.0007699919139248581	0.00025
366	0.00020514183938503266	0.0008073240518569946	0.0007737251277180719	0.00025
367	0.0002085980640216307	0.0006616578578948974	0.0007625184007357545	0.00025
368	0.00019068131081082605	0.0007846173763275147	0.0007647282982949305	0.00025
369	0.00021019597500562668	0.0006850260496139526	0.0007567580734268327	0.00025
370	0.00021483936865221372	0.0006875012457370758	0.0007498323906578571	0.00025
371	0.0002016279705546119	0.0006830670595169067	0.000743155857543762	0.00025
372	0.00019743621809916064	0.0006725432634353637	0.0007360945981329223	0.00025
373	0.00020473340072415093	0.0007016297340393066	0.0007326481117235607	0.00025
374	0.00022110167376019737	0.0006901985645294189	0.0007284031570041465	0.00025
375	0.00019052380933002992	0.0007075875282287598	0.0007263215941266079	0.00025
376	0.0001928236655213616	0.0007650469779968261	0.0007301941325136297	0.00025
377	0.00019954563108357516	0.0007443512439727784	0.0007316098436595446	0.00025
378	0.0002082846453244036	0.0006939428806304931	0.0007278431473566394	0.00025
379	0.00019355137686837803	0.00070080686211586	0.0007251395188325614	0.00025
380	0.00019338412894444033	0.0007069103240966797	0.0007233165993589733	0.00025
381	0.00020113309730182994	0.000692668229341507	0.0007202517623572267	0.00025
382	0.0002239807054400444	0.0007023546040058135	0.0007184620465220855	0.00025
383	0.00019035524211146615	0.0007193435668945312	0.00071855019855933	0.00025
384	0.00018011758449402722	0.0006855864107608795	0.000715253819779485	0.00025
385	0.00019654480503364044	0.0008066852331161499	0.0007243969611131514	0.00025
386	0.00021126357926563784	0.0007704662561416626	0.0007290038906160025	0.00025
387	0.00019424735863100398	0.0006840408146381378	0.0007245075830182161	0.00025
388	0.00019992777082053097	0.0006710685729980468	0.0007191636820161991	0.00025
389	0.00020092715255238793	0.0007378033638000489	0.0007210276501945841	0.00025
390	0.00019802683984691447	0.0007083514213562012	0.0007197600273107458	0.00025
391	0.0001910672968084162	0.0007575032949447631	0.0007235343540741477	0.00025
392	0.0002034770602529699	0.0008323652029037476	0.0007344174389571078	0.00025
393	0.00018566316325556147	0.0007780928611755371	0.0007387849811789507	0.00025
394	0.00019851362122730776	0.0006833377361297608	0.0007332402566740318	0.00025
395	0.00020349196195602418	0.0007045175075531006	0.0007303679817619387	0.00025
396	0.0001935957075519995	0.0008048848867416382	0.0007378196722599087	0.00025
397	0.00019209649034521796	0.0010816209793090821	0.000772199802964826	0.00025
398	0.00019295703836462715	0.0007120512723922729	0.0007661849499075707	0.00025
399	0.00020602790943600915	0.0007526351690292358	0.0007648299718197373	0.00025
400	0.00019223472123796288	0.0006886659860610961	0.0007572135732438732	0.00025
401	0.00018520820425315336	0.0006980923235416413	0.0007513014482736501	0.00025
402	0.00020126365328376942	0.0007062199413776398	0.000746793297584049	0.00025
403	0.00019246396205642007	0.0007793335199356079	0.000750047319819205	0.00025
404	0.00020375683416019787	0.0007085388660430909	0.0007458964744415937	0.00025
405	0.00017504926608367399	0.0006919623911380767	0.0007405030661112419	0.00025
406	0.00021450863616033033	0.0007284644842147827	0.000739299207921596	0.00025
407	0.0001841015649112788	0.0006669838964939118	0.0007320676767788276	0.00025
408	0.00019243023612282493	0.0007466021776199341	0.0007335211268629382	0.00025
409	0.0001851468958637931	0.000746611762046814	0.0007348301903813258	0.00025
410	0.00019525374675338918	0.0006561305999755859	0.0007269602313407519	0.00025
411	0.00019921983805569737	0.0006719835042953491	0.0007214625586362116	0.00025
412	0.00018485870767723432	0.0007417636156082153	0.000723492664333412	0.00025
413	0.00019551302153955806	0.0006942140817642212	0.0007205648060764929	0.00025
414	0.0001971332850781354	0.0006805611193180084	0.0007165644374006444	0.00025
415	0.00019094755459915508	0.0007955311536788941	0.0007244611090284693	0.00025
416	0.00020180132714184848	0.000682468181848526	0.000720261816310475	0.00025
417	0.0001783312756906856	0.0006688170909881592	0.0007151173437782434	0.00025
418	0.00020846704786474054	0.0006442090034484864	0.0007080265097452678	0.00025
419	0.0001804982463067228	0.0007219121217727661	0.0007094150709480176	0.00025
420	0.0001903179110451178	0.0007208429098129272	0.0007105578548345085	0.00025
421	0.00019855569939721714	0.0007338171064853669	0.0007128837799995944	0.00025
422	0.0001799289418892427	0.0007478685915470123	0.0007163822611543362	0.00025
423	0.0001964382378892465	0.0008898993015289307	0.0007337339651917957	0.00025
424	0.00017856379219076851	0.0007193227767944336	0.0007322928463520596	0.00025
425	0.00018509519709782168	0.0007525554180145263	0.0007343191035183062	0.00025
426	0.00018711303120309657	0.0008336222887039184	0.0007442494220368675	0.00025
427	0.0001910050465302034	0.0006417749166488648	0.0007340019714980672	0.00025
428	0.00019567891413515263	0.0007746933460235595	0.0007380711089506164	0.00025
429	0.00018576398356394335	0.0006592903196811676	0.0007301930300236716	0.00025
430	0.0001822210589593107	0.0007874953269958496	0.0007359232597208894	0.00025
431	0.00018721435476433146	0.0006881644964218139	0.000731147383390982	0.00025
432	0.00017973148226737976	0.0007366302490234374	0.0007316956699542275	0.00025
433	0.00019731692197647962	0.0007091534137725831	0.0007294414443360631	0.00025
434	0.0001914499056610194	0.0006893417418003082	0.0007254314740824877	0.00025
435	0.00018012497316707265	0.0007046598434448242	0.0007233543110187214	0.00025
436	0.00018367546552961524	0.0006256238758563995	0.0007135812675024892	0.00025
437	0.00018702398335391826	0.0008047780513763428	0.0007227009458898746	0.00025
438	0.0001848456785082817	0.0007261039972305298	0.0007230412510239402	0.00025
439	0.00019570173621177674	0.0007204152643680573	0.000722778652358352	0.00025
440	0.0001700923043218526	0.0007365777730941772	0.0007241585644319346	0.00025
441	0.00019073165181008253	0.0006546917259693146	0.0007172118805856727	0.00025
442	0.00018511589616537093	0.0008126821041107178	0.0007267589029381772	0.00025
443	0.00018225482715801758	0.0006748413145542145	0.0007215671440997809	0.00025
444	0.00019494952410459518	0.000737192153930664	0.0007231296450828693	0.00025
445	0.00017905602753162385	0.0007013433694839478	0.0007209510175229772	0.00025
446	0.00018397260877219112	0.0006818497896194458	0.0007170408947326241	0.00025
447	0.00018946767747402192	0.0007331781148910522	0.000718654616748467	0.00025
448	0.00017981697537682273	0.0006946950018405914	0.0007162586552576795	0.00025
449	0.0001842157690362497	0.0006547019302845001	0.0007101029827603616	0.00025
450	0.00017922088354825974	0.0008607749700546265	0.0007251701814897881	0.00025
451	0.00018446579738096757	0.0007323500216007233	0.0007258881655008816	0.00025
452	0.00018470263968814503	0.000762740707397461	0.0007295734196905396	0.00025
453	0.00017115258330648595	0.0006982680380344391	0.0007264428815249295	0.00025
454	0.00018933691463687204	0.0006837738275527954	0.0007221759761277161	0.00025
455	0.00019075360257517207	0.0006744543612003327	0.0007174038146349778	0.00025
456	0.00017200278531421314	0.0006756893873214721	0.0007132323719036272	0.00025
457	0.00017378951554948633	0.0006839012682437897	0.0007102992615376435	0.00025
458	0.00018615977249362251	0.0006555809795856476	0.0007048274333424438	0.00025
459	0.0001804519458250566	0.0006626221239566803	0.0007006069024038674	0.00025
460	0.00018407217223535884	0.0007276952803134918	0.00070331574019483	0.00025
461	0.00017814114215699108	0.0007071715414524078	0.0007037013203205878	0.00025
462	0.00018311366452412173	0.0006903316736221314	0.0007023643556507422	0.00025
463	0.00018264420316977935	0.0007072042942047119	0.0007028483495061391	0.00025
464	0.00018237749189138413	0.0007612854540348053	0.0007086920599590058	0.00025
465	0.00017701797512444583	0.0007319964706897736	0.0007110225010320825	0.00025
466	0.00018245964443141765	0.0008010748147964478	0.0007200277324085191	0.00025
467	0.00018755583939227192	0.000611527705192566	0.0007091777296869237	0.00025
468	0.00017200729101896287	0.0006904489278793335	0.0007073048495061646	0.00025
469	0.00018006947433406656	0.0006811795771121978	0.000704692322266768	0.00025
470	0.00018953601826320995	0.0006987854480743408	0.0007041016348475253	0.00025
471	0.00017209276529875668	0.0006575927078723907	0.0006994507421500118	0.00025
472	0.0001722930889238011	0.000699098950624466	0.0006994155629974572	0.00025
473	0.00017013181312517685	0.0006566752195358277	0.0006951415286512942	0.00025
474	0.00018256410428068854	0.0006491370439529419	0.0006905410801814589	0.00025
475	0.00018097596791657533	0.0006927973091602326	0.0006907667030793363	0.00025
476	0.00017313123087991366	0.0007507153987884521	0.0006967615726502479	0.00025
477	0.00018763804666020652	0.000725681883096695	0.0006996536036948926	0.00025
478	0.00017110404006459497	0.000781257677078247	0.0007078140110332281	0.00025
479	0.00017620417258956214	0.0008085509061813355	0.0007178877005480389	0.00025
480	0.00017879128483208742	0.0006568663895130158	0.0007117855694445366	0.00025
481	0.0001753671479496089	0.0006465246200561524	0.0007052594745056982	0.00025
482	0.00016881905536759984	0.0006553910017013549	0.0007002726272252639	0.00025
483	0.00019141143357211894	0.0006316697180271148	0.0006934123363054489	0.00025
484	0.0001704068124294281	0.0009836775064468383	0.0007224388533195878	0.00025
485	0.00018404971428892828	0.000699924498796463	0.0007201874178672753	0.00025
486	0.00018092950216748498	0.0006524105608463288	0.0007134097321651807	0.00025
487	0.0001802105575799942	0.0006461878836154938	0.000706687547310212	0.00025
488	0.00017739911323243923	0.0007084755182266236	0.0007068663444018533	0.00025
489	0.0001779762480746616	0.0006567481279373168	0.0007018545227553996	0.00025
490	0.0001667043759064241	0.0006746712207794189	0.0006991361925578016	0.00025
491	0.0001744802030650052	0.0006874327898025512	0.0006979658522822766	0.00025
492	0.00018304290934042497	0.0007823162794113159	0.0007064008949951805	0.00025
493	0.00017527356811545113	0.0006318203926086426	0.0006989428447565268	0.00025
494	0.00016585098938508468	0.0007150473892688751	0.0007005532992077616	0.00025
495	0.00018077974062074314	0.0006277088940143586	0.0006932688586884213	0.00025
496	0.0001810040828856555	0.0006592197179794312	0.0006898639446175223	0.00025
497	0.00017953848093748092	0.0006892801761627197	0.000689805567772042	0.00025
498	0.00019336973889307543	0.0006880355656147003	0.0006896285675563079	0.00025
499	0.00016610921187834305	0.000685016518831253	0.0006891673626838024	0.00025
500	0.00015887643816796216	0.0006548513412475586	0.0006857357605401781	0.00025
501	0.00018874566527930174	0.0006927053034305572	0.000686432714829216	0.00025
502	0.000193946988474239	0.0007201345980167389	0.0006898029031479682	0.00025
503	0.00018607932722026653	0.0006650582134723664	0.0006873284341804081	0.00025
504	0.0001582332113927061	0.0006839513063430786	0.0006869907213966752	0.00025
505	0.00018225895383141256	0.0006327355861663819	0.0006815652078736459	0.00025
506	0.00018428310697728937	0.0006445820152759552	0.0006778668886138768	0.00025
507	0.0001759797830473293	0.0006666372537612915	0.0006767439251286183	0.00025
508	0.00015934030278162521	0.0006279973268508911	0.0006718692653008456	0.00025
509	0.00018070397661490873	0.0007291199684143066	0.0006775943356121917	0.00025
510	0.00018105316013097763	0.0006880223333835602	0.0006786371353893285	0.00025
511	0.00016452752094377171	0.0008715011119842529	0.0006979235330488209	0.00025
512	0.00016014346480369568	0.0006756249189376831	0.0006956936716377072	0.00025
513	0.0001781265151771632	0.0006559183120727539	0.0006917161356812118	0.00025
514	0.0001845689682797952	0.0006189101696014404	0.0006844355390732347	0.00025
515	0.00016984178071672266	0.0007076918840408325	0.0006867611735699945	0.00025
516	0.00017742434753613038	0.0006881263017654419	0.0006868976863895393	0.00025
517	0.0001515566508878361	0.0006588927328586579	0.0006840971910364511	0.00025
518	0.0001754968991333788	0.0006858453989028931	0.0006842720118230953	0.00025
519	0.00017472359998659654	0.0006522668361663819	0.0006810714942574239	0.00025
520	0.0001781628522005948	0.0007049769163131713	0.0006834620364629987	0.00025
521	0.00016512894982641393	0.000851280927658081	0.0007002439255825069	0.00025
522	0.00019525856917554683	0.0007193659782409668	0.0007021561308483529	0.00025
523	0.00016048619449138642	0.000650187635421753	0.0006969592813056929	0.00025
524	0.0001616441466591575	0.0006463037014007568	0.0006918937233151993	0.00025
525	0.00017290176451206207	0.000660690975189209	0.0006887734485026002	0.00025
526	0.00017312105135484175	0.000817035436630249	0.0007015996473153652	0.00025
527	0.00016070187064734374	0.0006749893486499787	0.0006989386174488265	0.00025
528	0.00018530005772005427	0.0006771353304386139	0.0006967582887478053	0.00025
529	0.0001716049152341756	0.00108711576461792	0.0007357940363348168	0.00025
530	0.00017120974402536047	0.0006575925648212433	0.0007279738891834595	0.00025
531	0.00017768007096919145	0.000784415340423584	0.0007336180343074719	0.00025
532	0.00016571129289540379	0.0007132907152175903	0.0007315853023984838	0.00025
533	0.0001712509588761763	0.0009437975168228149	0.000752806523840917	0.00025
534	0.00016951638690449974	0.0006228179216384887	0.0007398076636206742	0.00025
535	0.0001735658355734565	0.0006669294834136963	0.0007325198455999765	0.00025
536	0.0001654454839500514	0.0006305824995040893	0.0007223261109903878	0.00025
537	0.00017512541684237395	0.0006552368879318238	0.0007156171886845314	0.00025
538	0.0001760751101103696	0.0006740682184696198	0.0007114622916630403	0.00025
539	0.0001705507133494724	0.0007724918365478515	0.0007175652461515216	0.00025
540	0.00016010742566802285	0.000660921174287796	0.000711900838965149	0.00025
541	0.00017755120342428034	0.0007343455374240875	0.0007141453088110428	0.00025
542	0.00016850071021101693	0.0007174897491931915	0.0007144797528492577	0.00025
543	0.00017224554934284903	0.0006460026502609253	0.0007076320425904245	0.00025
544	0.00015616516972129994	0.0006895636558532715	0.0007058252039167091	0.00025
545	0.00017928323339332233	0.0006528873443603515	0.0007005314179610734	0.00025
546	0.0001623330972411416	0.000711512953042984	0.0007016295714692644	0.00025
547	0.0001668397136709907	0.0006463332891464233	0.0006960999432369803	0.00025
548	0.0001723668469624086	0.0006725324928760529	0.0006937431982008876	0.00025
549	0.00016065579828890888	0.0007855130195617676	0.0007029201803369756	0.00025
550	0.0001641571884805506	0.000659377247095108	0.0006985658870127888	0.00025
551	0.00019494158964265476	0.0007277279198169708	0.000701482090293207	0.00025
552	0.0001522661352699453	0.0006244643747806549	0.0006937803187419517	0.00025
553	0.0001657535906542431	0.0006495077848434448	0.0006893530653521011	0.00025
554	0.0001796402939341285	0.0006544703781604767	0.0006858647966329387	0.00025
555	0.00015629962330514734	0.0007590213537216186	0.0006931804523418066	0.00025
556	0.00017436006963253021	0.0006870596408843994	0.0006925683711960659	0.00025
557	0.00016345619518648495	0.0006984174489974976	0.0006931532789762092	0.00025
558	0.0001631201920184222	0.0007058444738388062	0.000694422398462469	0.00025
559	0.00018818222893909976	0.0006816150188446045	0.0006931416605006826	0.00025
560	7.407718300819397e-05	0.0006088725626468658	0.0006847147507153009	0.000125
561	7.813052264126864e-05	0.0006339844286441804	0.0006796417185081889	0.000125
562	8.428387912836942e-05	0.000613712763786316	0.0006730488230360016	0.000125
563	8.405734436078506e-05	0.0005990778207778931	0.0006656517228101909	0.000125
564	8.636135039004412e-05	0.0006154167175292969	0.0006606282222821015	0.000125
565	8.351163891228763e-05	0.0006064240753650666	0.0006552078075903981	0.000125
566	8.275758867914026e-05	0.0005912815868854523	0.0006488151855199035	0.000125
567	8.39047758416696e-05	0.0006383007526397706	0.0006477637422318903	0.000125
568	8.17309473048557e-05	0.0006254823446273804	0.0006455356024714393	0.000125
569	8.166458078406073e-05	0.0005987270832061767	0.0006408547505449131	0.000125
570	8.395458243109964e-05	0.000600203138589859	0.0006367895893494077	0.000125
571	7.82369388775392e-05	0.0006136350393295289	0.0006344741343474199	0.000125
572	8.151910697871989e-05	0.0005941241264343261	0.0006304391335561106	0.000125
573	8.069940697063099e-05	0.0006124758303165436	0.000628642803232154	0.000125
574	8.087221194397319e-05	0.0006151005983352661	0.0006272885827424651	0.000125
575	8.171575191346082e-05	0.0006822382986545563	0.0006327835543336743	0.000125
576	8.20317032662305e-05	0.0006414974212646485	0.0006336549410267718	0.000125
577	8.168229460716247e-05	0.0006523936331272126	0.0006355288102368159	0.000125
578	7.925967641852119e-05	0.000620877867937088	0.0006340637160068431	0.000125
579	8.047423159534281e-05	0.0006012048244476318	0.000630777826850922	0.000125
580	8.13120193102143e-05	0.0006071643590927124	0.0006284164800751011	0.000125
581	8.287404531782323e-05	0.0006065505266189575	0.0006262298847294868	0.000125
582	8.047516793012619e-05	0.0006313286542892456	0.0006267397616854626	0.000125
583	7.929328910329125e-05	0.0006263306677341461	0.0006266988522903309	0.000125
584	8.167760941115293e-05	0.0006645517587661743	0.0006304841429379153	0.000125
585	7.80199870467186e-05	0.0006170947313308716	0.0006291452017772108	0.000125
586	7.963255833495746e-05	0.000640537691116333	0.0006302844507111231	0.000125
587	8.112814724445343e-05	0.0006314997971057891	0.0006304059853505898	0.000125
588	7.717206613583998e-05	0.0006232978343963623	0.0006296951702551671	0.000125
589	8.09109857136553e-05	0.0006470965683460236	0.0006314353100642528	0.000125
590	7.83748751336878e-05	0.0006053399622440338	0.000628825775282231	0.000125
591	8.070421814918518e-05	0.0006320557892322541	0.0006291487766772333	0.000125
592	7.836700095371766e-05	0.0006206725358963012	0.0006283011525991402	0.000125
593	7.798159298571673e-05	0.0006001304626464844	0.0006254840836038746	0.000125
594	8.058719756928357e-05	0.0006107439994812012	0.0006240100751916073	0.000125
595	7.787195633758197e-05	0.0006234112739562989	0.0006239501950680765	0.000125
596	7.95925418084318e-05	0.0006202108204364777	0.0006235762576049166	0.000125
597	7.986488084901463e-05	0.0006013510286808014	0.0006213537347125051	0.000125
598	7.744273231788115e-05	0.000607013463973999	0.0006199197076386545	0.000125
599	7.570490417155353e-05	0.0006653854846954346	0.0006244662853443325	0.000125
600	8.250045803460208e-05	0.0006079758703708649	0.0006228172438469858	0.000125
601	7.766049788756805e-05	0.0006586310148239136	0.0006263986209446786	0.000125
602	7.575637007301504e-05	0.0007175040066242218	0.000635509159512633	0.000125
603	8.142177191647617e-05	0.0006066886246204376	0.0006326271060234134	0.000125
604	7.671987969766963e-05	0.0006484153568744659	0.0006342059311085187	0.000125
605	7.620888704603369e-05	0.0006256738722324371	0.0006333527252209106	0.000125
606	7.780715186487545e-05	0.0006023528337478637	0.0006302527360736059	0.000125
607	7.785447145050222e-05	0.0005889352142810822	0.0006261209838943536	0.000125
608	7.730585675347935e-05	0.0006508486986160279	0.000628593755366521	0.000125
609	7.405002957040614e-05	0.0006183896601200104	0.0006275733458418699	0.000125
610	7.449141429229217e-05	0.0006182294607162476	0.0006266389573293077	0.000125
611	8.031747964295475e-05	0.0006050991296768189	0.0006244849745640588	0.000125
612	7.772848998958414e-05	0.0006989408075809479	0.0006319305578657478	0.000125
613	7.543572702191093e-05	0.0006056751966476441	0.0006293050217439374	0.000125
614	7.584838772361929e-05	0.0006084556579589843	0.0006272200853654421	0.000125
615	8.093357208100233e-05	0.0006180332481861115	0.0006263014016475091	0.000125
616	7.446271303025159e-05	0.0006120751440525055	0.0006248787758880087	0.000125
617	7.868273921988228e-05	0.0006265942573547363	0.0006250503240346815	0.000125
618	7.724176157604564e-05	0.0006021383821964264	0.0006227591298508559	0.000125
619	7.43949218229814e-05	0.000666281795501709	0.0006271113964159412	0.000125
620	7.87004298784516e-05	0.0006016397535800934	0.0006245642321323564	0.000125
621	8.070139478553425e-05	0.0006524986505508423	0.000627357673974205	0.000125
622	7.290233617479151e-05	0.0006215179026126861	0.0006267736968380531	0.000125
623	7.889104756441984e-05	0.0006340165138244628	0.0006274979785366941	0.000125
624	7.315768166021867e-05	0.0006274876594543457	0.0006274969466284593	0.000125
625	7.480560879815708e-05	0.0006240533411502838	0.0006271525860806418	0.000125
626	7.740555215965618e-05	0.0006106941044330597	0.0006255067379158835	0.000125
627	7.814877155152234e-05	0.000614318186044693	0.0006243878827287644	0.000125
628	7.903736640106548e-05	0.0006231082022190094	0.000624259914677789	0.000125
629	7.264998148788106e-05	0.0006026654243469239	0.0006221004656447025	0.000125
630	7.495224218476902e-05	0.0006293104469776154	0.0006228214637779938	0.000125
631	7.383769764141604e-05	0.0005915610373020173	0.0006196954211303961	0.000125
632	7.629853974689137e-05	0.0006122737884521484	0.0006189532578625714	0.000125
633	7.614618783647364e-05	0.0006077467501163483	0.000617832607087949	0.000125
634	7.794623564590107e-05	0.0006216253042221069	0.0006182118768013648	0.000125
635	7.536850801923058e-05	0.0006257033824920654	0.0006189610273704348	0.000125
636	7.175499580123207e-05	0.0005929158449172973	0.0006163565091251211	0.000125
637	7.795376140962947e-05	0.0006561452627182007	0.000620335384484429	0.000125
638	7.268433245745573e-05	0.0005958396971225739	0.0006178858157482435	0.000125
639	7.340873290191997e-05	0.0006208808004856109	0.0006181853142219802	0.000125
640	7.631666606122797e-05	0.0006038219690322876	0.000616748979703011	0.000125
641	7.549809976057572e-05	0.000606444787979126	0.0006157185605306225	0.000125
642	7.57794976234436e-05	0.0006197808504104615	0.0006161247895186063	0.000125
643	7.380180534991351e-05	0.0006338134765625	0.0006178936582229956	0.000125
644	7.560339637778022e-05	0.0006522706985473633	0.0006213313622554324	0.000125
645	7.585201615636999e-05	0.000724370676279068	0.000631635293657796	0.000125
646	7.42695610631596e-05	0.000604205584526062	0.0006288923227446225	0.000125
647	7.411736141551624e-05	0.0006110121965408325	0.0006271043101242435	0.000125
648	7.377907755700025e-05	0.0006399449110031128	0.0006283883702121305	0.000125
649	7.57545683871616e-05	0.0006065408229827881	0.0006262036154891963	0.000125
650	7.029122452844274e-05	0.0006616446018218995	0.0006297477141224666	0.000125
651	7.564420767805793e-05	0.0006634749948978424	0.0006331204422000043	0.000125
652	7.523202421990307e-05	0.0006410359919071198	0.0006339119971707158	0.000125
653	7.503084323622964e-05	0.0006117942154407501	0.0006317002189977193	0.000125
654	7.165902094407515e-05	0.0006423097908496856	0.0006327611761829159	0.000125
655	7.690109353173863e-05	0.0006161889374256134	0.0006311039523071857	0.000125
656	7.22996637225151e-05	0.0005968818664550781	0.0006276817437219749	0.000125
657	7.660934789614243e-05	0.0006369172871112823	0.0006286052980609057	0.000125
658	7.580006461251866e-05	0.0006216298580169678	0.0006279077540565119	0.000125
659	7.091295678507198e-05	0.0006122591078281403	0.0006263428894336747	0.000125
660	7.302877483042804e-05	0.0006077990353107452	0.0006244885040213818	0.000125
661	7.194863720373674e-05	0.000633143949508667	0.0006253540485701103	0.000125
662	7.320636849511753e-05	0.0006050709962844849	0.0006233257433415478	0.000125
663	7.252647456797687e-05	0.0005872901201248169	0.0006197221810198747	0.000125
664	7.638440159234134e-05	0.0006029400825500489	0.0006180439711728922	0.000125
665	7.21641174771569e-05	0.0006350206851959228	0.0006197416425751952	0.000125
666	7.410973689772866e-05	0.0006113755464553833	0.0006189050329632141	0.000125
667	7.17013890093023e-05	0.0006757508039474487	0.0006245896100616375	0.000125
668	7.756515375592492e-05	0.0006263330936431884	0.0006247639584197927	0.000125
669	7.093421396884051e-05	0.0006020935118198395	0.0006224969137597975	0.000125
670	7.491540610790253e-05	0.0006652996778488159	0.0006267771901686994	0.000125
671	7.238911038095301e-05	0.0007033280432224274	0.0006344322754740721	0.000125
672	7.207664752548391e-05	0.0006165083706378936	0.0006326398849904543	0.000125
673	7.613445154645226e-05	0.0006249904215335846	0.0006318749386447673	0.000125
674	7.498324459249323e-05	0.0006289348125457764	0.0006315809260348682	0.000125
675	7.124071365053003e-05	0.0006163428068161011	0.0006300571141129915	0.000125
676	7.773164199157194e-05	0.0005981551229953765	0.00062686691500123	0.000125
677	6.907980794256384e-05	0.0005894322216510772	0.0006231234456662147	0.000125
678	7.071915458549153e-05	0.0006040724575519562	0.0006212183468547889	0.000125
679	7.477062845771963e-05	0.0006068117201328278	0.0006197776841825928	0.000125
680	6.716078492728147e-05	0.000595725154876709	0.0006173724312520044	0.000125
681	7.344425076788122e-05	0.0006087987244129181	0.0006165150605680959	0.000125
682	7.521573305130004e-05	0.0006185673713684082	0.0006167202916481272	0.000125
683	7.084445479241285e-05	0.0006221462726593018	0.0006172628897492446	0.000125
684	7.543058083816008e-05	0.0005912102282047271	0.0006146576235947929	0.000125
685	7.11273805661635e-05	0.0006380938112735749	0.0006170012423626711	0.000125
686	7.670583142475648e-05	0.0006418194830417633	0.0006194830664305803	0.000125
687	7.246481017632918e-05	0.0006104377031326294	0.0006185785301007853	0.000125
688	7.61985180052844e-05	0.0006085596084594726	0.000617576637936654	0.000125
689	7.54649663513357e-05	0.0006390592157840729	0.0006197248957213959	0.000125
690	6.827821000055834e-05	0.0006298813104629517	0.0006207405371955515	0.000125
691	7.303992848504673e-05	0.0006141105175018311	0.0006200775352261795	0.000125
692	6.854853210124102e-05	0.0006479520857334137	0.000622864990276903	0.000125
693	7.42605443705212e-05	0.0006162933111190796	0.0006222078223611207	0.000125
694	6.947798417373137e-05	0.0005842509269714355	0.0006184121328221522	0.000125
695	7.466377832672813e-05	0.0006146257936954498	0.0006180334989094819	0.000125
696	7.074146189472892e-05	0.0005914760649204254	0.0006153777555105763	0.000125
697	7.135916149074381e-05	0.0006298248529434204	0.0006168224652538608	0.000125
698	7.271672880107706e-05	0.0005825734674930573	0.0006133975654777805	0.000125
699	7.077238681641492e-05	0.0006131766378879547	0.0006133754727187979	0.000125
700	7.042663977904754e-05	0.000596751070022583	0.0006117130324491764	0.000125
701	7.192249704491008e-05	0.0006129726886749268	0.0006118389980717515	0.000125
702	6.841852624307979e-05	0.0005950550556182862	0.000610160603826405	0.000125
703	7.215560525655747e-05	0.0006461535930633545	0.0006137599027500999	0.000125
704	7.048963701183146e-05	0.000628508472442627	0.0006152347597193526	0.000125
705	7.587837102738294e-05	0.0006366041660308837	0.0006173717003505058	0.000125
706	6.5756633606824e-05	0.0006138642609119416	0.0006170209564066494	0.000125
707	7.062557244842702e-05	0.0005933907747268677	0.0006146579382386712	0.000125
708	7.191434340043502e-05	0.0005870166540145874	0.0006118938098162628	0.000125
709	6.730224232782018e-05	0.0006113876402378082	0.0006118431928584174	0.000125
710	7.63573788783767e-05	0.0005896966278553009	0.0006096285363581058	0.000125
711	6.82105527682738e-05	0.0006029910862445831	0.0006089647913467535	0.000125
712	7.086862650784579e-05	0.0006122080624103546	0.0006092891184531136	0.000125
713	6.991980577057058e-05	0.0005993765354156494	0.0006082978601493673	0.000125
714	6.947183730927381e-05	0.0006078684151172638	0.0006082549156461569	0.000125
715	7.606193274259567e-05	0.0005882759094238281	0.0006062570150239241	0.000125
716	7.083541805093939e-05	0.0006013671696186066	0.0006057680304833923	0.000125
717	7.053426246751438e-05	0.0005862705528736114	0.0006038182827224143	0.000125
718	6.924407387321645e-05	0.0006198945522308349	0.0006054259096732564	0.000125
719	6.856960518793626e-05	0.0006163874447345733	0.000606522063179388	0.000125
720	6.868822872638702e-05	0.0006108590602874756	0.0006069557628901968	0.000125
721	7.526054653254422e-05	0.0005999187052249909	0.0006062520571236762	0.000125
722	7.12203097614375e-05	0.0006295424997806549	0.0006085811013893741	0.000125
723	6.892562887885354e-05	0.0006195694983005523	0.000609679941080492	0.000125
724	6.960322613065893e-05	0.0006044771194458008	0.0006091596589170228	0.000125
725	7.10121589628133e-05	0.000602014684677124	0.0006084451614930329	0.000125
726	7.075989734042774e-05	0.0006203467845916748	0.0006096353238028971	0.000125
727	7.173317359252409e-05	0.000633081579208374	0.0006119799493434448	0.000125
728	6.774892238053408e-05	0.0006224981546401978	0.0006130317698731201	0.000125
729	7.118700322779742e-05	0.0006519127190113068	0.0006169198647869387	0.000125
730	7.096931622786955e-05	0.0005963941872119904	0.0006148672970294439	0.000125
731	6.694926754994826e-05	0.0007068234264850617	0.0006240629099750056	0.000125
732	6.998633214018561e-05	0.000604908162355423	0.0006221474352130474	0.000125
733	6.817819286476482e-05	0.000632921838760376	0.0006232248755677803	0.000125
734	7.591017267920755e-05	0.000616697484254837	0.000622572136436486	0.000125
735	6.93844590674747e-05	0.0006171010315418244	0.0006220250259470198	0.000125
736	6.969144737178628e-05	0.000601896983385086	0.0006200122216908265	0.000125
737	7.025798938491128e-05	0.000595318078994751	0.000617542807421219	0.000125
738	7.262297773903066e-05	0.0006014047920703888	0.0006159290058861361	0.000125
739	6.731490980495106e-05	0.0006207665503025055	0.000616412760327773	0.000125
740	6.926778094335036e-05	0.0006073830604553222	0.0006155097903405279	0.000125
741	6.95052520795302e-05	0.0005907820045948028	0.0006130370117659554	0.000125
742	6.850120343945243e-05	0.0005972667515277862	0.0006114599857421385	0.000125
743	6.744282475926659e-05	0.0006106477499008178	0.0006113787621580064	0.000125
744	6.812026839364659e-05	0.000650937008857727	0.0006153345868279785	0.000125
745	6.941397759047421e-05	0.0006110327005386353	0.0006149043981990443	0.000125
746	7.110089063644409e-05	0.0006026112854480743	0.0006136750869239473	0.000125
747	6.746320074254817e-05	0.0006202586710453034	0.0006143334453360829	0.000125
748	7.063701057975942e-05	0.0005995107471942902	0.0006128511755219036	0.000125
749	6.865836598656394e-05	0.0005753961324691773	0.0006091056712166311	0.000125
750	7.283383580771359e-05	0.0005861237525939941	0.0006068074793543674	0.000125
751	6.639171202074398e-05	0.0006261825561523438	0.000608744987034165	0.000125
752	7.023470740426671e-05	0.000656740140914917	0.0006135445024222403	0.000125
753	6.719606044617566e-05	0.0006088382303714753	0.0006130738752171637	0.000125
754	6.912780566649003e-05	0.0005968652725219727	0.0006114530149476447	0.000125
755	6.831546859307722e-05	0.0006054657042026519	0.0006108542838731453	0.000125
756	6.596698557788676e-05	0.000603225302696228	0.0006100913857554536	0.000125
757	6.986202448606491e-05	0.0006060226500034332	0.0006096845121802516	0.000125
758	7.009944983504036e-05	0.0006097094595432282	0.0006096870069165493	0.000125
759	7.094295675104315e-05	0.0006507728815078735	0.0006137955943756818	0.000125
760	6.870678026567805e-05	0.0006180850982666016	0.0006142245447647738	0.000125
761	6.808911087838086e-05	0.0006195735216140747	0.0006147594424497039	0.000125
762	6.715844124555588e-05	0.0005854261219501495	0.0006118261103997485	0.000125
763	6.788169579072432e-05	0.0006458378374576568	0.0006152272831055393	0.000125
764	7.229410084811124e-05	0.0006208608865737915	0.0006157906434523645	0.000125
765	6.9173241880807e-05	0.0006091942071914673	0.0006151309998262747	0.000125
766	6.69080139561133e-05	0.0006203420460224151	0.0006156521044458887	0.000125
767	6.87161922454834e-05	0.0006638247549533843	0.0006204693694966384	0.000125
768	6.526951044797897e-05	0.0006268073081970215	0.0006211031633666767	0.000125
769	4.1083131595091384e-05	0.00059986412525177	0.000618979259555186	6.25e-05
770	4.032870747826316e-05	0.0006018964767456054	0.000617270981274228	6.25e-05
771	4.2282823134552347e-05	0.0005931401312351227	0.0006148578962703174	6.25e-05
772	4.232576381076466e-05	0.0005988911151885986	0.0006132612181621455	6.25e-05
773	4.2114911431616e-05	0.0005904938280582428	0.0006109844791517552	6.25e-05
774	4.2699011076580393e-05	0.0005950981616973876	0.0006093958474063185	6.25e-05
775	4.0592516552318227e-05	0.000590943318605423	0.0006075505945262289	6.25e-05
776	4.2395076562057844e-05	0.0006062749862670899	0.0006074230337003151	6.25e-05
777	4.1422320089556956e-05	0.0005878894567489624	0.0006054696760051798	6.25e-05
778	4.029223661531102e-05	0.0005858402073383331	0.0006035067291384952	6.25e-05
779	4.244461330500516e-05	0.0005958241701126099	0.0006027384732359067	6.25e-05
780	4.0499353544278576e-05	0.000591515827178955	0.0006016162086302117	6.25e-05
781	4.193799021569165e-05	0.0005790394604206085	0.0005993585338092514	6.25e-05
782	4.086098318750208e-05	0.0005980962038040161	0.0005992323008087279	6.25e-05
783	4.11486110904e-05	0.0006000710010528565	0.0005993161708331407	6.25e-05
784	4.0764686194333164e-05	0.0006140095055103302	0.0006007855043008597	6.25e-05
785	4.198789447546005e-05	0.0005947654247283935	0.0006001834963436131	6.25e-05
786	4.135202413255518e-05	0.0005947707951068878	0.0005996422262199406	6.25e-05
787	4.1513285447250716e-05	0.0005837362825870514	0.0005980516318566518	6.25e-05
788	4.076183397661556e-05	0.0005880382061004639	0.000597050289281033	6.25e-05
789	4.082508222623305e-05	0.0005963119566440582	0.0005969764560173355	6.25e-05
790	4.1382422230460425e-05	0.0005939591705799102	0.0005966747274735929	6.25e-05
791	4.039627530358054e-05	0.0005884356558322906	0.0005958508203094627	6.25e-05
792	4.1570091924884104e-05	0.0005854646027088165	0.0005948121985493981	6.25e-05
793	4.1682843322103676e-05	0.0005924039900302887	0.0005945713776974871	6.25e-05
794	3.9987329190427604e-05	0.0005922498047351838	0.0005943392204012569	6.25e-05
795	4.1842740909619766e-05	0.0005926297664642335	0.0005941682750075546	6.25e-05
796	4.072108173912222e-05	0.000592237639427185	0.0005939752114495176	6.25e-05
797	4.139745208350095e-05	0.0005891702950000763	0.0005934947198045734	6.25e-05
798	4.2057140036062763e-05	0.0005889455139636993	0.0005930397992204861	6.25e-05
799	4.1310259157961065e-05	0.0005860141992568969	0.0005923372392241272	6.25e-05
800	3.9834354140541774e-05	0.0005936318933963776	0.0005924667046413523	6.25e-05
801	4.134324138814753e-05	0.0005933852970600129	0.0005925585638832184	6.25e-05
802	4.066519642418081e-05	0.0005886356592178345	0.00059216627341668	6.25e-05
803	4.019588448784568e-05	0.000607967472076416	0.0005937463932826537	6.25e-05
804	4.1225165264172985e-05	0.0005829254388809204	0.0005926642978424804	6.25e-05
805	4.031759297305887e-05	0.0006025838196277619	0.0005936562500210086	6.25e-05
806	3.9371703429655595e-05	0.0005952532052993774	0.0005938159455488454	6.25e-05
807	4.0637719224799763e-05	0.0006025443315505982	0.0005946887841490207	6.25e-05
808	4.087038812312213e-05	0.0005955707311630249	0.0005947769788504212	6.25e-05
809	4.0959572927518326e-05	0.000610405856370926	0.0005963398666024716	6.25e-05
810	3.956749655983665e-05	0.0005863514423370362	0.0005953410241759281	6.25e-05
811	3.957590636881915e-05	0.0005816039621829986	0.0005939673179766351	6.25e-05
812	4.1808581487698985e-05	0.0006086197137832642	0.0005954325575572981	6.25e-05
813	3.8866667449474335e-05	0.0005894200801849365	0.000594831309820062	6.25e-05
814	4.218034039844166e-05	0.0006011806786060333	0.0005954662466986591	6.25e-05
815	4.0451809628443284e-05	0.0005833977222442627	0.0005942593942532195	6.25e-05
816	4.00819488547065e-05	0.0005948150157928467	0.0005943149564071822	6.25e-05
817	4.018108641559427e-05	0.0005926142990589142	0.0005941448906723553	6.25e-05
818	3.920631923458793e-05	0.0005893850564956665	0.0005936689072546864	6.25e-05
819	4.088279130783948e-05	0.0005857048749923706	0.0005928725040284549	6.25e-05
820	3.976496295495467e-05	0.0005918636620044709	0.0005927716198260564	6.25e-05
821	4.032119539651004e-05	0.0005800643265247345	0.0005915008904959242	6.25e-05
822	3.991153592413122e-05	0.0005962264597415924	0.000591973447420491	6.25e-05
823	3.969640311869708e-05	0.0006013240396976471	0.0005929085066482066	6.25e-05
824	4.0197772058573636e-05	0.000589620953798294	0.0005925797513632154	6.25e-05
825	3.89442427591844e-05	0.0005911368608474732	0.0005924354623116412	6.25e-05
826	4.0986669199033214e-05	0.0006039755880832672	0.0005935894748888039	6.25e-05
827	3.978299606930126e-05	0.0005803950607776642	0.00059227003347769	6.25e-05
828	3.978626849976453e-05	0.0005828685343265533	0.0005913298835625763	6.25e-05
829	3.9710572768341414e-05	0.0005965344905853272	0.0005918503442648513	6.25e-05
830	3.938449431549419e-05	0.0005952891647815705	0.0005921942263165232	6.25e-05
831	3.973332182927565e-05	0.0005929322957992553	0.0005922680332647965	6.25e-05
832	3.849415264346383e-05	0.0005918004333972931	0.0005922212732780461	6.25e-05
833	4.0034922144629736e-05	0.0005861680805683136	0.0005916159540070729	6.25e-05
834	4.031835984099995e-05	0.0005990127861499787	0.0005923556372213634	6.25e-05
835	3.942035666920922e-05	0.0005987802565097809	0.0005929980991502052	6.25e-05
836	3.915110176259821e-05	0.0005916634142398835	0.0005928646306591729	6.25e-05
837	3.896101062948053e-05	0.0005911036074161529	0.0005926885283348709	6.25e-05
838	3.961445865305987e-05	0.0005804959058761597	0.0005914692660889997	6.25e-05
839	3.894354931332848e-05	0.0006180729687213898	0.0005941296363522387	6.25e-05
840	3.987453444437547e-05	0.0005850943326950074	0.0005932261059865157	6.25e-05
841	3.901051133871079e-05	0.0005905969381332397	0.0005929631892011881	6.25e-05
842	3.897687792778015e-05	0.0005831932604312897	0.0005919861963241983	6.25e-05
843	3.9519588513807815e-05	0.0005938044548034668	0.0005921680221721252	6.25e-05
844	3.958627866073088e-05	0.0005915895223617554	0.0005921101721910882	6.25e-05
845	3.910821418870579e-05	0.0005816827595233917	0.0005910674309243185	6.25e-05
846	3.8609317893331703e-05	0.0005905576229095459	0.0005910164501228412	6.25e-05
847	3.908090604977174e-05	0.0005963843584060669	0.0005915532409511637	6.25e-05
848	3.950472717935389e-05	0.0005750239133834839	0.0005899003081943958	6.25e-05
849	3.820119473067197e-05	0.0005845390856266022	0.0005893641859376164	6.25e-05
850	3.9920158819718794e-05	0.0006016002237796784	0.0005905877897218226	6.25e-05
851	3.8059824163263497e-05	0.0005811186850070954	0.0005896408792503498	6.25e-05
852	3.86724749749357e-05	0.0006010134935379028	0.0005907781406791051	6.25e-05
853	3.925733295353976e-05	0.0005790568590164184	0.0005896060125128365	6.25e-05
854	3.962086872621016e-05	0.000585975980758667	0.0005892430093374195	6.25e-05
855	3.9193317158655684e-05	0.0005847836315631867	0.0005887970715599963	6.25e-05
856	3.9688637039878155e-05	0.000607378625869751	0.0005906552269909717	6.25e-05
857	3.793920928781683e-05	0.0005874912083148956	0.0005903388251233641	6.25e-05
858	3.8412429663268e-05	0.0005890760481357574	0.0005902125474246034	6.25e-05
859	3.934684477069161e-05	0.0005936634302139282	0.0005905576357035358	6.25e-05
860	3.848834146152843e-05	0.0005780898571014404	0.0005893108578433263	6.25e-05
861	3.9178053492849524e-05	0.000580615359544754	0.0005884413080134692	6.25e-05
862	3.892916495149786e-05	0.0005800474941730499	0.0005876019266294273	6.25e-05
863	3.777896233580329e-05	0.000593334823846817	0.0005881752163511663	6.25e-05
864	4.019637609069998e-05	0.0005827971696853638	0.0005876374116845861	6.25e-05
865	3.707045709544962e-05	0.0005794521152973175	0.0005868188820458592	6.25e-05
866	3.9299939572811126e-05	0.000591540265083313	0.0005872910203496046	6.25e-05
867	3.903784548694437e-05	0.0005855189621448517	0.0005871138145291293	6.25e-05
868	3.795245411721143e-05	0.000584981918334961	0.0005869006249097124	6.25e-05
869	3.7760475819761106e-05	0.0005954421997070312	0.0005877547823894444	6.25e-05
870	3.949021669951352e-05	0.0005857459545135498	0.000587553899601855	6.25e-05
871	3.7552997740832244e-05	0.0005904069244861603	0.0005878392020902855	6.25e-05
872	3.82535458965735e-05	0.0005821158230304718	0.0005872668641843042	6.25e-05
873	3.793236396529458e-05	0.0005797748565673828	0.0005865176634226121	6.25e-05
874	3.9645458351482044e-05	0.0005878522634506226	0.0005866511234254132	6.25e-05
875	3.8303853300484744e-05	0.000596069175004959	0.0005875929285833678	6.25e-05
876	3.840860643170097e-05	0.0005857100546360016	0.0005874046411886312	6.25e-05
877	3.8531715896996585e-05	0.0005815021276473999	0.0005868143898345082	6.25e-05
878	3.79415209997784e-05	0.0005865186989307404	0.0005867848207441314	6.25e-05
879	3.782946413213556e-05	0.0005814485788345337	0.0005862511965531717	6.25e-05
880	3.759359879927202e-05	0.0005771862089633942	0.000585344697794194	6.25e-05
881	3.848473240028728e-05	0.0005942877769470215	0.0005862390057094767	6.25e-05
882	3.863521069288254e-05	0.000594649463891983	0.0005870800515277274	6.25e-05
883	3.76311873847788e-05	0.0005920186579227447	0.0005875739121672292	6.25e-05
884	3.832798667929389e-05	0.0005879718065261841	0.0005876137016031247	6.25e-05
885	3.7974973971193484e-05	0.0005775605976581573	0.000586608391208628	6.25e-05
886	3.869128037582744e-05	0.000581699538230896	0.0005861175059108548	6.25e-05
887	3.742373761805621e-05	0.0005894517004489899	0.0005864509253646683	6.25e-05
888	3.821104019880295e-05	0.0005792331039905548	0.000585729143227257	6.25e-05
889	3.842784667556936e-05	0.0005844454050064087	0.0005856007694051721	6.25e-05
890	3.734838908368891e-05	0.0005706763029098511	0.0005841083227556401	6.25e-05
891	3.7568504837426274e-05	0.0005815750360488891	0.000583854994084965	6.25e-05
892	3.80081980065866e-05	0.0005840401709079743	0.0005838735117672659	6.25e-05
893	3.761011822657152e-05	0.000591619062423706	0.0005846480668329099	6.25e-05
894	3.9271628992124035e-05	0.0005860608637332916	0.0005847893465229481	6.25e-05
895	3.6575283245606855e-05	0.000585404109954834	0.0005848508228661366	6.25e-05
896	3.793761852112683e-05	0.0005976763546466828	0.0005861333760441912	6.25e-05
897	3.7364690547639676e-05	0.0005833452939987183	0.0005858545678396439	6.25e-05
898	3.926756436174566e-05	0.0005867944777011872	0.0005859485588257982	6.25e-05
899	3.742400705814361e-05	0.0005894764482975006	0.0005863013477729685	6.25e-05
900	3.766067149964246e-05	0.0005904239177703857	0.0005867136047727103	6.25e-05
901	3.7411151149056173e-05	0.0005843612730503082	0.0005864783716004701	6.25e-05
902	3.811486417596991e-05	0.00061106396317482	0.0005889369307579051	6.25e-05
903	3.7806867063045504e-05	0.0006249499320983887	0.0005925382308919534	6.25e-05
904	3.8245661827650935e-05	0.0005820973217487335	0.0005914941399776315	6.25e-05
905	3.809130801395936e-05	0.0005816478788852692	0.0005905095138683952	6.25e-05
906	3.68597384203564e-05	0.0005755199670791625	0.000589010559189472	6.25e-05
907	3.800206509503451e-05	0.0005862962543964386	0.0005887391287101687	6.25e-05
908	3.6938486993312834e-05	0.0005742001593112946	0.0005872852317702814	6.25e-05
909	3.8128658316352154e-05	0.0005778354227542877	0.000586340250868682	6.25e-05
910	3.60109422694553e-05	0.0005878364086151123	0.0005864898666433252	6.25e-05
911	3.8572409478100864e-05	0.0005810874462127685	0.0005859496246002695	6.25e-05
912	3.78372307528149e-05	0.0005944377958774567	0.0005867984417279882	6.25e-05
913	3.663871315392581e-05	0.0005795600891113281	0.0005860746064663223	6.25e-05
914	3.7065060843120925e-05	0.0005854912817478179	0.0005860162739944718	6.25e-05
915	3.877199034799229e-05	0.0005953737020492554	0.0005869520167999502	6.25e-05
916	3.601614399389787e-05	0.0005771492242813111	0.0005859717375480863	6.25e-05
917	3.7092539397152984e-05	0.0005950522422790527	0.000586879788021183	6.25e-05
918	3.707716045054522e-05	0.00058190176486969	0.0005863819857060337	6.25e-05
919	3.719901984388178e-05	0.0005766815006732941	0.0005854119372027597	6.25e-05
920	3.7629715556448155e-05	0.0005715433657169342	0.0005840250800541771	6.25e-05
921	3.779545439915224e-05	0.0005758633852005005	0.0005832089105688095	6.25e-05
922	3.703652308745818e-05	0.0005658009827136994	0.0005814681177832985	6.25e-05
923	3.6871549758044155e-05	0.0006046309053897858	0.0005837843965439474	6.25e-05
924	3.776813908056779e-05	0.0005821585953235626	0.0005836218164219089	6.25e-05
925	3.657683472741734e-05	0.0005869156837463379	0.0005839512031543518	6.25e-05
926	3.591059012846513e-05	0.0005742568254470825	0.000582981765383625	6.25e-05
927	3.69623831727288e-05	0.0005822918474674225	0.0005829127735920047	6.25e-05
928	3.730570457198403e-05	0.000596650367975235	0.0005842865330303278	6.25e-05
929	3.680293248458342e-05	0.0005786941051483154	0.0005837272902421266	6.25e-05
930	3.766046328978105e-05	0.0005773381710052491	0.0005830883783184389	6.25e-05
931	3.585234135389328e-05	0.0005720835924148559	0.0005819878997280806	6.25e-05
932	3.7422011657194655e-05	0.0005843985080718994	0.0005822289605624625	6.25e-05
933	3.618335290388627e-05	0.0005834657967090606	0.0005823526441771223	6.25e-05
934	3.687323819507252e-05	0.0005800434350967407	0.0005821217232690842	6.25e-05
935	3.736048584634607e-05	0.0005871825218200684	0.0005826278031241827	6.25e-05
936	3.659078113057397e-05	0.0005650146722793579	0.0005808664900397002	6.25e-05
937	3.6881354315714404e-05	0.0005791340112686157	0.0005806932421625918	6.25e-05
938	3.781371983614835e-05	0.0005782565176486969	0.0005804495697112023	6.25e-05
939	3.730935806577856e-05	0.0005855752050876618	0.0005809621332488482	6.25e-05
940	3.636414205486124e-05	0.0005904876947402955	0.000581914689397993	6.25e-05
941	3.637484935196963e-05	0.0005888459980487823	0.0005826078202630719	6.25e-05
942	3.742969537323172e-05	0.0005897586166858673	0.0005833228999053515	6.25e-05
943	3.855769525874745e-05	0.0005759637117385864	0.000582586981088675	6.25e-05
944	3.619591078974984e-05	0.0005728044092655182	0.0005816087239063593	6.25e-05
945	3.615988330407576e-05	0.0005790134251117706	0.0005813491940269004	6.25e-05
946	3.7371903251517904e-05	0.0005874175369739533	0.0005819560283216058	6.25e-05
947	3.608193573626605e-05	0.0005773990213871002	0.0005815003276281553	6.25e-05
948	3.7129303135655144e-05	0.0005812372267246246	0.0005814740175378022	6.25e-05
949	3.580269461328333e-05	0.0005667817175388336	0.0005800047875379053	6.25e-05
950	3.6876061287793245e-05	0.0005928301870822907	0.0005812873274923438	6.25e-05
951	3.710570348934694e-05	0.000580865478515625	0.0005812451425946718	6.25e-05
952	3.554144894534891e-05	0.000612702989578247	0.0005843909272930294	6.25e-05
953	3.761712922291322e-05	0.0005721523523330689	0.0005831670697970334	6.25e-05
954	3.7338487939401104e-05	0.00057557373046875	0.0005824077358642051	6.25e-05
955	3.5646214403889395e-05	0.0005862341165542602	0.0005827903739332107	6.25e-05
956	3.7274338711391795e-05	0.0005931820154190064	0.0005838295380817903	6.25e-05
957	3.530145287513733e-05	0.0005791060507297516	0.0005833571893465864	6.25e-05
958	3.666032945567911e-05	0.0005805972874164581	0.0005830811991535737	6.25e-05
959	3.6498757384040136e-05	0.0005744503557682037	0.0005822181148150367	6.25e-05
960	3.6804945495995606e-05	0.0005793463528156281	0.0005819309386150958	6.25e-05
961	3.676322454755956e-05	0.0005727860510349274	0.000581016449857079	6.25e-05
962	3.58558710325848e-05	0.0005831591427326202	0.000581230719144633	6.25e-05
963	3.6125891317020764e-05	0.0005887841284275055	0.0005819860600729202	6.25e-05
964	3.6468983780254014e-05	0.0005911409378051757	0.0005829015478461459	6.25e-05
965	3.623851930553263e-05	0.0005668017387390137	0.0005812915669354327	6.25e-05
966	3.588221425359899e-05	0.0005811394035816192	0.0005812763506000514	6.25e-05
967	3.7201886420900174e-05	0.0005758509397506714	0.0005807338095151134	6.25e-05
968	3.560788103125312e-05	0.0005774579107761383	0.0005804062196412159	6.25e-05
969	3.579146970402111e-05	0.0005776381015777588	0.0005801294078348702	6.25e-05
970	3.5817087373950265e-05	0.0005802554368972778	0.000580142010741111	6.25e-05
971	3.5637131197886036e-05	0.0005914664089679718	0.0005812744505637971	6.25e-05
972	3.498407954519445e-05	0.0005907594740390778	0.0005822229529113252	6.25e-05
973	3.7764940072189675e-05	0.0005921169996261597	0.0005832123575828087	6.25e-05
974	3.5044857724146406e-05	0.0005876383781433105	0.0005836549596388589	6.25e-05
975	3.645400635220788e-05	0.0005728704750537873	0.0005825765111803518	6.25e-05
976	3.641476102850654e-05	0.0005780790388584137	0.000582126763948158	6.25e-05
977	3.6644327775998546e-05	0.0005718371450901032	0.0005810978020623526	6.25e-05
978	3.5919845239682634e-05	0.0005803104221820831	0.0005810190640743256	6.25e-05
979	3.5624967921863905e-05	0.0005828998386859894	0.0005812071415354919	6.25e-05
980	3.6481698263775216e-05	0.0005727061986923218	0.000580357047251175	6.25e-05
981	3.517717150124636e-05	0.0005884752571582795	0.0005811688682418855	6.25e-05
982	3.5900777171958575e-05	0.0005759861946105957	0.0005806506008787565	6.25e-05
983	3.5463423214175485e-05	0.0005893481314182281	0.0005815203539327038	6.25e-05
984	3.6487188257954335e-05	0.000576397305727005	0.0005810080491121339	6.25e-05
985	3.553161146965894e-05	0.0005692170679569244	0.000579828950996613	6.25e-05
986	3.634867085651918e-05	0.0005728769779205323	0.0005791337536890049	6.25e-05
987	3.661504821343855e-05	0.0005862674057483673	0.0005798471188949411	6.25e-05
988	3.538426133719358e-05	0.0005760855674743652	0.0005794709637528836	6.25e-05
989	3.5322611033916476e-05	0.0005766397058963776	0.000579187837967233	6.25e-05
990	3.527138883417303e-05	0.0005904991447925567	0.0005803189686497655	6.25e-05
991	3.5309636321934784e-05	0.000583692866563797	0.0005806563584411686	6.25e-05
992	3.593329299579967e-05	0.0005767485201358795	0.0005802655746106396	6.25e-05
993	3.5070831802758306e-05	0.0005710164129734039	0.000579340658446916	6.25e-05
994	3.62846320325678e-05	0.0005758205652236938	0.0005789886491245938	6.25e-05
995	3.6990616538307885e-05	0.0005775590658187866	0.0005788456907940131	6.25e-05
996	3.572374121709304e-05	0.0005773930549621582	0.0005787004272108276	6.25e-05
997	3.684973039410331e-05	0.0005874374389648438	0.0005795741283862292	6.25e-05
998	3.4594348885796285e-05	0.0005810754776000976	0.000579724263307616	6.25e-05
999	3.6705890704285015e-05	0.0005858267366886139	0.0005803345106457159	6.25e-05
1000	3.484465832060034e-05	0.000569932347536087	0.000579294294334753	6.25e-05
