Epoch	Training loss	Validation loss	smoothed_val_loss	LR
1	0.4793659293608232	0.07418689498901367	0.07418689498901367	0.0005
2	0.0474749926740473	0.03308501377105713	0.07007670686721801	0.0005
3	0.022494831145893443	0.03993342895507813	0.06706237907600403	0.0005
4	0.015333105435696515	0.019389813423156738	0.0622951225107193	0.0005
5	0.01205794036063281	0.016706206703186035	0.05773623092996598	0.0005
6	0.010416191875934601	0.006268881845474243	0.05258949602151681	0.0005
7	0.009322960461269725	0.006612372636795044	0.04799178368304463	0.0005
8	0.008328477923978459	0.012399953937530517	0.04443260070849322	0.0005
9	0.007305041548880664	0.007360844087600708	0.04072542504640397	0.0005
10	0.0072193806501952085	0.005836067390441894	0.03723648928080776	0.0005
11	0.006546316826885397	0.007747909879684448	0.03428763134069543	0.0005
12	0.005847377317060124	0.010325078773498536	0.03189137608397574	0.0005
13	0.005637195061553608	0.005689880704879761	0.029271226546066145	0.0005
14	0.005696125344254754	0.005805553102493286	0.02692465920170886	0.0005
15	0.004768569813126867	0.003447641730308533	0.02457695745456883	0.0005
16	0.004724759337035093	0.00560164246559143	0.02267942595567109	0.0005
17	0.004639983732591976	0.0033172725915908813	0.02074321061926307	0.0005
18	0.00454418680451133	0.0035832979917526245	0.019027219356512026	0.0005
19	0.0038199867817488584	0.005382512760162353	0.01766274869687706	0.0005
20	0.0038634477735920384	0.0030497822761535644	0.01620145205480471	0.0005
21	0.003857731289213354	0.0034726256608963012	0.01492856941541387	0.0005
22	0.0035854491965337234	0.0030806121110916137	0.013743773684981643	0.0005
23	0.0035604636241089215	0.002518509864807129	0.012621247302964192	0.0005
24	0.003348554710501974	0.002729773426055908	0.011632099915273364	0.0005
25	0.0034107181782072242	0.0027964330911636353	0.010748533232862392	0.0005
26	0.003072922229766846	0.006206842851638794	0.010294364194740033	0.0005
27	0.0031370627426288347	0.002770575213432312	0.009541985296609263	0.0005
28	0.0028852434956214645	0.0021569639921188355	0.00880348316616022	0.0005
29	0.0029044171344150198	0.0020412705421447752	0.008127261903758676	0.0005
30	0.0027127959344874727	0.004289330005645752	0.007743468713947384	0.0005
31	0.0029480354634198276	0.002730747866630554	0.0072421966292157015	0.0005
32	0.0027712951039726083	0.004597999262809753	0.0069777768925751065	0.0005
33	0.002561935517462817	0.004284476947784424	0.006708446898096038	0.0005
34	0.0025553051601756704	0.0026040184020996093	0.0062980040484963955	0.0005
35	0.0026595735610886054	0.002530515718460083	0.0059212552154927645	0.0005
36	0.002438758228177374	0.001957255959510803	0.005524855289894568	0.0005
37	0.0026963420862501316	0.001753544545173645	0.005147724215422476	0.0005
38	0.0022314565214243804	0.004149289107322693	0.005047880704612498	0.0005
39	0.0025305656720291483	0.003226487421989441	0.004865741376350192	0.0005
40	0.0021507983351295645	0.002812111449241638	0.004660378383639337	0.0005
41	0.002135521123084155	0.00299656240940094	0.004493996786215497	0.0005
42	0.0022404377120462332	0.0027676006317138672	0.004321357170765335	0.0005
43	0.002162511103397066	0.002121838927268982	0.0041014053464157	0.0005
44	0.00234940591562878	0.003107434582710266	0.004002008270045156	0.0005
45	0.0019294930784539742	0.00312597815990448	0.003914405259031088	0.0005
46	0.0020638481520793657	0.0018143778562545777	0.0037044025187534376	0.0005
47	0.0020119853362441063	0.0025539533376693724	0.003589357600645031	0.0005
48	0.002122217692705718	0.002876555299758911	0.0035180773705564194	0.0005
49	0.001864261462742632	0.0016866677045822144	0.003334936403958999	0.0005
50	0.0019355506029996004	0.0020796759366989138	0.003209410357232991	0.0005
51	0.001967245022952557	0.0014284189701080322	0.003031311218520495	0.0005
52	0.0017494666816158728	0.003135282111167908	0.0030417083077852363	0.0005
53	0.001869378037886186	0.0018173249006271362	0.0029192699670694262	0.0005
54	0.0017141402478922498	0.005087542152404785	0.003136097185602962	0.0005
55	0.0019102003438906236	0.001407373857498169	0.0029632248527924824	0.0005
56	0.001796504423970526	0.0016982455015182496	0.0028367269176650593	0.0005
57	0.0017577771973880856	0.0013966738939285277	0.002692721615291406	0.0005
58	0.0015700110886584628	0.002848421835899353	0.002708291637352201	0.0005
59	0.0017616349160671234	0.0022869562864303587	0.0026661581022600165	0.0005
60	0.0015295480440963398	0.001755318260192871	0.002575074118053302	0.0005
61	0.0014838985697789625	0.0013937184572219848	0.0024569385519701706	0.0005
62	0.0016430613508278673	0.002550666069984436	0.0024663113037715974	0.0005
63	0.0016019879780032418	0.005508916234970093	0.002770571796891447	0.0005
64	0.0015244533173062584	0.0014098315238952636	0.0026344977695918286	0.0005
65	0.0017481174351139503	0.001810001826286316	0.002552048175261277	0.0005
66	0.0014775171640244397	0.0015858186244964599	0.0024554252201847955	0.0005
67	0.001619596764716235	0.001950653386116028	0.002404948036777919	0.0005
68	0.0014992564034732906	0.0033602272748947145	0.0025004759605895986	0.0005
69	0.0014938538735563105	0.0020274001121520996	0.002453168375745849	0.0005
70	0.0014211119329387491	0.0015522236585617066	0.0023630739040274348	0.0005
71	0.0014088084974072197	0.0012258874177932739	0.002249355255404019	0.0005
72	0.0014524825686758214	0.0021012840509414673	0.0022345481349577635	0.0005
73	0.0013970291317863897	0.0016852500438690186	0.002179618325848889	0.0005
74	0.0014433666826649146	0.0014806220293045044	0.002109718696194451	0.0005
75	0.0014798614461313594	0.00197242112159729	0.002095988938734735	0.0005
76	0.00130077784887769	0.001471440839767456	0.002033534128838007	0.0005
77	0.001319318292628635	0.001572844696044922	0.001987465185558699	0.0005
78	0.0014076469894159923	0.0013967007160186767	0.0019283887386046968	0.0005
79	0.001364697870070284	0.0011493508338928224	0.0018504849481335093	0.0005
80	0.001256191043962132	0.00200582971572876	0.0018660194248930344	0.0005
81	0.00145766400532289	0.0019620508193969725	0.0018756225643434283	0.0005
82	0.0011983150564811446	0.002364693236351013	0.0019245296315441869	0.0005
83	0.0012402408090504732	0.001646385622024536	0.0018967152305922217	0.0005
84	0.001343212929232554	0.0014504598379135132	0.0018520896913243508	0.0005
85	0.0012626803422516042	0.001497914433479309	0.0018166721655398467	0.0005
86	0.0013993698674169453	0.002003873610496521	0.0018353923100355143	0.0005
87	0.0010208969859914346	0.001404831862449646	0.0017923362652769274	0.0005
88	0.001298503302173181	0.0014591292381286622	0.001759015562562101	0.0005
89	0.0012854083095084536	0.0016356778621673584	0.0017466817925226267	0.0005
90	0.0011745043329217217	0.0015518610000610352	0.0017271997132764676	0.0005
91	0.0011936786253343929	0.0018481569766998292	0.0017392954396188037	0.0005
92	0.0011131798805160955	0.0016004036903381348	0.0017254062646907369	0.0005
93	0.001830805837159807	0.0015033348321914673	0.00170319912144081	0.0005
94	0.001101650494337082	0.0012072932481765747	0.0016536085341143866	0.0005
95	0.0012924556038596414	0.001751583194732666	0.0016634060001762146	0.0005
96	0.0010935652913017706	0.0018197185039520263	0.0016790372505537958	0.0005
97	0.0013047351539134978	0.002570204758644104	0.0017681540013628266	0.0005
98	0.001262830220704729	0.0011046725511550904	0.0017018058563420529	0.0005
99	0.0010902214154601096	0.0013199238300323486	0.0016636176537110825	0.0005
100	0.001036816587231376	0.0014924904108047485	0.0016465049294204493	0.0005
101	0.0012884061864831232	0.001262110996246338	0.0016080655361030381	0.0005
102	0.001180741654878313	0.0016968002319335937	0.0016169390056860937	0.0005
103	0.0010435940360481088	0.0026764558792114258	0.0017228906930386268	0.0005
104	0.0010433417641303757	0.002177152466773987	0.0017683168704121627	0.0005
105	0.0011272455115209927	0.0013779491424560546	0.0017292800976165521	0.0005
106	0.0010890206950632008	0.0016970933437347412	0.001726061422228371	0.0005
107	0.0010639463350176812	0.0016207889318466187	0.0017155341731901958	0.0005
108	0.0011178134529428048	0.0013856534481048585	0.0016825461006816623	0.0005
109	0.0010478602800856936	0.0013286618947982787	0.001647157680093324	0.0005
110	0.0012165663841095839	0.0011584565877914429	0.001598287570863136	0.0005
111	0.0009713057114319368	0.001219244909286499	0.0015603833047054723	0.0005
112	0.0011293234277855266	0.0012615005731582642	0.0015304950315507514	0.0005
113	0.0009755564230409535	0.001380309772491455	0.0015154765056448218	0.0005
114	0.001089940310743722	0.0014514179944992065	0.0015090706545302602	0.0005
115	0.0009693902909755707	0.0015210566520690919	0.0015102692542841433	0.0005
116	0.0010834500037811019	0.0040996156930923466	0.0017692038981649636	0.0005
117	0.0010776286314834248	0.0017025325775146484	0.0017625367660999323	0.0005
118	0.0009409425276246938	0.001492585015296936	0.0017355415910196327	0.0005
119	0.0010108380503275178	0.001048353362083435	0.001666822768126013	0.0005
120	0.0009786213929002935	0.00159461510181427	0.0016596020014948386	0.0005
121	0.0010144450095566837	0.001066108512878418	0.0016002526526331965	0.0005
122	0.0010412669318643484	0.0011764573335647584	0.0015578731207263527	0.0005
123	0.0009451755995100195	0.0018341938734054565	0.0015855051959942632	0.0005
124	0.0009918955884196542	0.0010945584774017334	0.0015364105241350101	0.0005
125	0.000971597660671581	0.0014924331188201905	0.0015320127836035281	0.0005
126	0.0009641266005960378	0.001064371919631958	0.0014852486972063712	0.0005
127	0.0008915780691937967	0.0018029778003692627	0.0015170216075226606	0.0005
128	0.0010296038314700127	0.002114188241958618	0.0015767382709662564	0.0005
129	0.0008473186926408248	0.001034192156791687	0.0015224836595487995	0.0005
130	0.0009129326870495623	0.0012809816122055053	0.00149833345481447	0.0005
131	0.0009539860944856297	0.0016684346437454223	0.0015153435737075656	0.0005
132	0.0009368422752076929	0.0024070677042007447	0.0016045159867568836	0.0005
133	0.0009474993456493725	0.0012662682771682739	0.0015706912157980226	0.0005
134	0.0009417477000843395	0.001087143588066101	0.0015223364530248305	0.0005
135	0.000928604394197464	0.0011322304487228394	0.0014833258525946316	0.0005
136	0.0008302177652716637	0.0011994804859161378	0.001454941315926782	0.0005
137	0.0008898669733242555	0.001742982292175293	0.0014837454135516333	0.0005
138	0.0009198630685156041	0.0016005796432495118	0.0014954288365214212	0.0005
139	0.0008538377937945453	0.0022421499967575074	0.0015701009525450299	0.0005
140	0.0009256732931191271	0.002046106433868408	0.0016177015006773677	0.0005
141	0.0009279350390488452	0.0012398982048034668	0.0015799211710899777	0.0005
142	0.0008938842590559613	0.0013556097507476806	0.0015574900290557482	0.0005
143	0.0008489085193384777	0.0013128072261810303	0.0015330217487682764	0.0005
144	0.0008522524665702473	0.0014307695388793946	0.0015227965277793882	0.0005
145	0.0009380564134229314	0.0010563105583190919	0.0014761479308333584	0.0005
146	0.0008524415364319628	0.0010611433267593384	0.0014346474704259565	0.0005
147	0.0008573637784882025	0.0013207363843917848	0.0014232563618225393	0.0005
148	0.000874816259470853	0.0010759695768356324	0.0013885276833238488	0.0005
149	0.0008430534916845235	0.0011196076154708862	0.0013616356765385525	0.0005
150	0.0008799987218596719	0.0012176653385162354	0.001347238642736321	0.0005
151	0.0008849506466226144	0.001212220335006714	0.0013337368119633603	0.0005
152	0.000861385202543302	0.0018581108808517456	0.0013861742188521987	0.0005
153	0.0008386357629841024	0.0010645618915557861	0.0013540129861225575	0.0005
154	0.0008457601548595862	0.00190828800201416	0.0014094404877117179	0.0005
155	0.0009118140857328069	0.001128464984893799	0.001381342937429926	0.0005
156	0.0008239183031699875	0.001776948356628418	0.0014209034793497752	0.0005
157	0.0007435637788339095	0.0020917160511016845	0.0014879847365249662	0.0005
158	0.0008233188119801608	0.001161158323287964	0.0014553020952012658	0.0005
159	0.0008697925433516502	0.001086363196372986	0.001418408205318438	0.0005
160	0.0007971687357534061	0.001129466724395752	0.0013895140572261694	0.0005
161	0.0008440405485304919	0.0011280647039413451	0.001363369121897687	0.0005
162	0.0008679477741772478	0.0012671774864196777	0.001353749958349886	0.0005
163	0.0007900065752592954	0.0024884990215301513	0.0014672248646679124	0.0005
164	0.0007776637754657052	0.0016375417232513427	0.0014842565505262554	0.0005
165	0.0007885575587099248	0.0010739935874938965	0.0014432302542230196	0.0005
166	0.0008487240420146422	0.0013929755210876464	0.0014382047809094823	0.0005
167	0.0007564386489716443	0.001152414894104004	0.0014096257922289344	0.0005
168	0.00029159124236215244	0.0007644702196121216	0.0013451102349672532	0.00025
169	0.00034586949212984605	0.0008834359645843506	0.0012989428079289629	0.00025
170	0.0003569234690882943	0.0007872713804244995	0.0012477756651785164	0.00025
171	0.0003738777683539824	0.0007623472690582275	0.0011992328255664875	0.00025
172	0.0003489037882197987	0.0008988581895828247	0.0011691953619681213	0.00025
173	0.00034907563599673186	0.0008466954231262206	0.0011369453680839313	0.00025
174	0.00038171010369604286	0.001128312110900879	0.0011360820423656263	0.00025
175	0.0003407821466976946	0.000969722843170166	0.0011194461224460803	0.00025
176	0.000342248588394035	0.0007493156909942627	0.0010824330793008986	0.00025
177	0.00035474373373118315	0.0009709488868713379	0.0010712846600579426	0.00025
178	0.00035216123800386085	0.0009334966659545899	0.0010575058606476073	0.00025
179	0.0003415980886329304	0.0013817329168319703	0.0010899285662660436	0.00025
180	0.0003561370830644261	0.0007490047454833985	0.001055836184187779	0.00025
181	0.0003232460343024947	0.0008346183300018311	0.0010337143987691842	0.00025
182	0.0003457762682979757	0.0008763473272323609	0.0010179776916155018	0.00025
183	0.000324823365428231	0.0013938185214996339	0.001055561774603915	0.00025
184	0.0003462060045112263	0.000781894063949585	0.0010281950035384822	0.00025
185	0.0003279336367141117	0.0008456744432449341	0.0010099429475091274	0.00025
186	0.00033870713182471016	0.0009280074834823608	0.0010017494011064507	0.00025
187	0.00033825334974310617	0.0008072827816009521	0.000982302739155901	0.00025
188	0.0003415057103742253	0.0007364705801010132	0.0009577195232504122	0.00025
189	0.0003225143585692753	0.0007715773582458496	0.0009391053067499559	0.00025
190	0.0003253735998814756	0.0007328934192657471	0.000918484118001535	0.00025
191	0.0003181758779016408	0.0007767577171325684	0.0009043114779146383	0.00025
192	0.00031910107149319214	0.0008204042434692383	0.0008959207544700983	0.00025
193	0.00033512279946695675	0.0008462797403335572	0.0008909566530564441	0.00025
194	0.0003320798550139774	0.0007644313097000123	0.000878304118720801	0.00025
195	0.0003291613764383576	0.0007253942966461181	0.0008630131365133327	0.00025
196	0.00029970535378564487	0.0007075812578201294	0.0008474699486440124	0.00025
197	0.0003360514919866215	0.0007895240545272828	0.0008416753592323395	0.00025
198	0.0003177116644653407	0.0007715262651443481	0.0008346604498235403	0.00025
199	0.0003152091293172403	0.0008236075639724732	0.0008335551612384336	0.00025
200	0.0003011060754006559	0.0007115025043487548	0.0008213498955494657	0.00025
201	0.0003123688689687035	0.0007999987602233887	0.000819214782016858	0.00025
202	0.0003119730128483339	0.0008783583402633667	0.0008251291378415089	0.00025
203	0.00030428835546428507	0.0006886765003204345	0.0008114838740894015	0.00025
204	0.00032271239771084354	0.0008531063079833984	0.0008156461174788012	0.00025
205	0.0003230850298296322	0.0007963436603546142	0.0008137158717663825	0.00025
206	0.00031914481371641157	0.0008558567762374878	0.000817929962213493	0.00025
207	0.00029654371535236184	0.0007166560173034668	0.0008078025677224905	0.00025
208	0.0003151191597635096	0.0007663537740707398	0.0008036576883573155	0.00025
209	0.0002999956023964015	0.0007163323640823364	0.0007949251559298177	0.00025
210	0.0003200601301409981	0.0007573023080825806	0.000791162871145094	0.00025
211	0.00031344511901790445	0.000918895959854126	0.0008039361800159972	0.00025
212	0.0003113262387839231	0.000781764793395996	0.0008017190413539972	0.00025
213	0.0002907790586352348	0.000786021375656128	0.0008001492747842104	0.00025
214	0.0003012462449344722	0.0007117357969284058	0.00079130792699863	0.00025
215	0.0003078660603273999	0.0007087544679641723	0.0007830525810951842	0.00025
216	0.00031200704168189654	0.0010073980093002319	0.000805487123915689	0.00025
217	0.00029168196984312753	0.0007578041553497314	0.0008007188270590933	0.00025
218	0.0003149459937756712	0.000843163800239563	0.0008049633243771403	0.00025
219	0.0003057568421418017	0.0007595953941345215	0.0008004265313528785	0.00025
220	0.00027392195856029336	0.0008330130100250244	0.0008036851792200931	0.00025
221	0.00033043675219470803	0.000852240777015686	0.0008085407389996524	0.00025
222	0.0003098558373071931	0.001220608925819397	0.0008497475576816269	0.00025
223	0.0002880830336700786	0.000858489179611206	0.0008506217198745848	0.00025
224	0.00029584051004864954	0.0007345759153366089	0.0008390171394207873	0.00025
225	0.0003163082997907292	0.0011256297826766968	0.0008676784037463783	0.00025
226	0.00029835030991922723	0.0007318157434463501	0.0008540921377163755	0.00025
227	0.0002933661180463704	0.0007668907880783081	0.0008453720027525688	0.00025
228	0.0003019807583906434	0.0010683812856674194	0.0008676729310440539	0.00025
229	0.0002681183465502479	0.0007875288724899292	0.0008596585251886414	0.00025
230	0.00031333085853945124	0.0009805214166641236	0.0008717448143361897	0.00025
231	0.000301614465767687	0.0006849469423294068	0.0008530650271355114	0.00025
232	0.000142792824994434	0.0006529363930225373	0.000833052163724214	0.000125
233	0.00015081864216110922	0.0006331392288208008	0.0008130608702338727	0.000125
234	0.00016491205096244812	0.0006704720973968505	0.0007988019929501705	0.000125
235	0.00015695620314641433	0.0006418636798858643	0.0007831081616437399	0.000125
236	0.00015844982212240044	0.0006713488578796386	0.0007719322312673297	0.000125
237	0.00015463467592542822	0.0006666199266910553	0.0007614010008097023	0.000125
238	0.00016236475841565565	0.0007135217189788818	0.0007566130726266203	0.000125
239	0.00015677293972535567	0.0007172389805316925	0.0007526756634171275	0.000125
240	0.00015503931831229817	0.000714847731590271	0.0007488928702344418	0.000125
241	0.00016471143581650474	0.000636420875787735	0.0007376456707897712	0.000125
242	0.00015765846371650695	0.0006311989545822144	0.0007270009991690154	0.000125
243	0.0001564048015258529	0.0006474709331989289	0.0007190479925720068	0.000125
244	0.00015910505069927737	0.0006663823604583741	0.0007137814293606435	0.000125
245	0.00015375931872562928	0.0006626990616321564	0.0007086731925877948	0.000125
246	0.00015493388365615498	0.0006534181118011475	0.0007031476845091301	0.000125
247	0.00014851573610847647	0.0006384978055953979	0.000696682696617757	0.000125
248	0.00015190629065036772	0.0006440206110477448	0.0006914164880607557	0.000125
249	0.00015746501359072598	0.0006573422253131866	0.0006880090617859988	0.000125
250	0.00014545308256691154	0.0006363931477069855	0.0006828474703780975	0.000125
251	0.0001538502053780989	0.0006888378143310547	0.0006834465047733932	0.000125
252	0.00015397705923427235	0.0006456362068653107	0.0006796654749825849	0.000125
253	0.00015048418979753147	0.0006540677845478058	0.0006771057059391071	0.000125
254	0.00015249767818234183	0.0006278324127197266	0.000672178376617169	0.000125
255	0.00014693494980985467	0.000652367901802063	0.0006701973291356585	0.000125
256	0.0001544004873795943	0.0006766731083393097	0.0006708449070560236	0.000125
257	0.00014313689063895832	0.0006374389708042145	0.0006675043134308427	0.000125
258	0.0001492975258014419	0.0006639316380023956	0.0006671470458879979	0.000125
259	0.00014821598936210978	0.0006890515148639679	0.0006693374927855949	0.000125
260	0.00014713542380116203	0.000694393253326416	0.000671843068839677	0.000125
261	0.00014775190190835432	0.0007069949150085449	0.0006753582534565638	0.000125
262	0.00014322131221944636	0.0007267620086669922	0.0006804986289776066	0.000125
263	0.0001502889251167124	0.0007018158197402954	0.0006826303480538755	0.000125
264	0.00014117058149792932	0.000716542911529541	0.000686021604401442	0.000125
265	0.00015244631347331134	0.000684774112701416	0.0006858968552314393	0.000125
266	0.00014064681706103411	0.0006461507797241211	0.0006819222476807076	0.000125
267	0.0001432658298449083	0.0007503988981246948	0.0006887699127251064	0.000125
268	0.00015117869011380456	0.0006593240022659302	0.0006858253216791889	0.000125
269	0.00014009131653742356	0.00066379674077034	0.000683622463588304	0.000125
270	0.0001461191780187867	0.0008546906471252441	0.000700729281941998	0.000125
271	0.00014397654804316435	0.0006669990062713623	0.0006973562543749345	0.000125
272	0.000138831097564914	0.0006707242727279663	0.0006946930562102377	0.000125
273	0.00014386006769808856	0.0007079251766204834	0.0006960162682512622	0.000125
274	0.00014397273510694504	0.0006396323919296265	0.0006903778806190986	0.000125
275	9.399014765566046e-05	0.0006131682932376862	0.0006826569218809573	6.25e-05
276	9.689881760965695e-05	0.0006281394481658936	0.0006772051745094509	6.25e-05
277	9.812689288095994e-05	0.0006541999578475952	0.0006749046528432653	6.25e-05
278	9.788955842906778e-05	0.0006170706033706665	0.0006691212478960054	6.25e-05
279	9.61710507219488e-05	0.0006163518249988556	0.0006638443056062904	6.25e-05
280	9.801947921514512e-05	0.0006103724479675293	0.0006584971198424144	6.25e-05
281	9.984195787798275e-05	0.0006712697505950928	0.0006597743829176823	6.25e-05
282	9.7714910317551e-05	0.0006183799028396606	0.0006556349349098802	6.25e-05
283	9.562236355109648e-05	0.000634700608253479	0.0006535415022442401	6.25e-05
284	9.819807247682051e-05	0.0006144691705703736	0.0006496342690768534	6.25e-05
285	9.32642625136809e-05	0.0006269506990909577	0.0006473659120782638	6.25e-05
286	9.601986313408072e-05	0.0006340249300003051	0.000646031813870468	6.25e-05
287	9.488370201804421e-05	0.0006202544689178467	0.000643454079375206	6.25e-05
288	9.727691357786006e-05	0.0006125857412815094	0.0006403672455658363	6.25e-05
289	9.55397287553007e-05	0.0006349303960800171	0.0006398235606172544	6.25e-05
290	9.327420754866166e-05	0.0006105370283126831	0.0006368949073867973	6.25e-05
291	9.382589920000596e-05	0.0006194575071334839	0.0006351511673614659	6.25e-05
292	9.532417397607457e-05	0.0006134756803512574	0.0006329836186604451	6.25e-05
293	9.297798289494081e-05	0.000606645280122757	0.0006303497848066763	6.25e-05
294	9.512527097355236e-05	0.0006486931085586548	0.0006321841171818743	6.25e-05
295	9.277983036908236e-05	0.0006170516490936279	0.0006306708703730496	6.25e-05
296	9.507737647403371e-05	0.0006400561809539795	0.0006316094014311427	6.25e-05
297	9.473454207181931e-05	0.0006381486177444458	0.000632263323062473	6.25e-05
298	9.072571031071923e-05	0.0006162743091583252	0.0006306644216720582	6.25e-05
299	9.261203408241271e-05	0.000607766056060791	0.0006283745851109315	6.25e-05
300	9.223221377892927e-05	0.0006383480131626129	0.0006293719279160996	6.25e-05
301	9.273946515538476e-05	0.0006212527096271515	0.0006285600060872049	6.25e-05
302	9.124613431367008e-05	0.0006126631796360015	0.0006269703234420846	6.25e-05
303	9.414885531772266e-05	0.0006088773965835571	0.0006251610307562318	6.25e-05
304	9.073679609732194e-05	0.0006164665758609772	0.0006242915852667063	6.25e-05
305	9.093350890007886e-05	0.0006141862392425537	0.0006232810506642911	6.25e-05
306	9.098484082655473e-05	0.0006055672228336334	0.0006215096678812253	6.25e-05
307	9.251902929761193e-05	0.0006156505405902862	0.0006209237551521314	6.25e-05
308	8.917898224158721e-05	0.0006353519678115845	0.0006223665764180766	6.25e-05
309	8.977172334085811e-05	0.0006109545707702637	0.0006212253758532953	6.25e-05
310	9.004673524336382e-05	0.0006234643697738647	0.0006214492752453523	6.25e-05
311	9.301278658888556e-05	0.0006177089929580689	0.000621075247016624	6.25e-05
312	9.10785675048828e-05	0.0006325997829437256	0.0006222277006093342	6.25e-05
313	8.988984999331561e-05	0.0006096556723117828	0.000620970497779579	6.25e-05
314	8.860569515011527e-05	0.0006097722828388214	0.0006198506762855033	6.25e-05
315	8.963393149050799e-05	0.000617850524187088	0.0006196506610756618	6.25e-05
316	9.092011803930456e-05	0.0006385986149311066	0.0006215454564612063	6.25e-05
317	9.000034901228818e-05	0.0006333089649677276	0.0006227218073118584	6.25e-05
318	8.800405223261226e-05	0.0006330869913101196	0.0006237583257116846	6.25e-05
319	9.083600857041099e-05	0.0006025776386260986	0.000621640257003126	6.25e-05
320	8.86644570664926e-05	0.000616202449798584	0.0006210964762826718	6.25e-05
321	8.897756785154343e-05	0.0006135819673538208	0.0006203450253897867	6.25e-05
322	8.73078472234986e-05	0.0006216379404067993	0.0006204743168914881	6.25e-05
323	8.739176826043562e-05	0.0006225407183170318	0.0006206809570340425	6.25e-05
324	8.904908800666983e-05	0.0006072772324085236	0.0006193405845714905	6.25e-05
325	8.807535943659869e-05	0.0006389336407184601	0.0006212998901861875	6.25e-05
326	8.684140145778656e-05	0.0005978822767734528	0.0006189581288449141	6.25e-05
327	8.750404634258965e-05	0.0006153453826904297	0.0006185968542294657	6.25e-05
328	8.758606910705566e-05	0.0006144534170627594	0.0006181825105127951	6.25e-05
329	8.752653178843585e-05	0.0006066882133483886	0.0006170330807963544	6.25e-05
330	8.651709028265693e-05	0.0006038076877593994	0.0006157105414926589	6.25e-05
331	8.554327934980393e-05	0.0006329032897949219	0.0006174298163228852	6.25e-05
332	8.648712919516997e-05	0.0005915325462818146	0.0006148400893187781	6.25e-05
333	8.646538867191835e-05	0.0006103190243244172	0.0006143879828193421	6.25e-05
334	8.654864606532183e-05	0.0006148817062377929	0.0006144373551611871	6.25e-05
335	8.46111461520195e-05	0.0006787440061569214	0.0006208680202607606	6.25e-05
336	8.583717942237854e-05	0.0006169083416461944	0.000620472052399304	6.25e-05
337	8.484382060441104e-05	0.0006247880697250367	0.0006209036541318773	6.25e-05
338	8.557317690415815e-05	0.000606286484003067	0.0006194419371189963	6.25e-05
339	8.579773063009435e-05	0.0006165146887302399	0.0006191492122801207	6.25e-05
340	8.558108400214802e-05	0.000645298033952713	0.00062176409444738	6.25e-05
341	8.516246242956682e-05	0.000603817754983902	0.0006199694605010322	6.25e-05
342	8.530666950074109e-05	0.0006063146650791168	0.0006186039809588408	6.25e-05
343	8.222127177498557e-05	0.000638734245300293	0.000620617007392986	6.25e-05
344	8.695128465240652e-05	0.0006085316002368927	0.0006194084666773768	6.25e-05
345	8.612527373162183e-05	0.0006134263336658478	0.0006188102533762239	6.25e-05
346	8.511125851761211e-05	0.0005982154369354248	0.000616750771732144	6.25e-05
347	8.234066800637679e-05	0.0006312116146087646	0.000618196856019806	6.25e-05
348	8.497936197302558e-05	0.0006095889627933502	0.0006173360666971604	6.25e-05
349	8.432113379240036e-05	0.0006211737930774689	0.0006177198393351913	6.25e-05
350	6.427840766581622e-05	0.0005998849391937256	0.0006159363493210447	3.125e-05
351	6.632367833094164e-05	0.0005905582904815674	0.000613398543437097	3.125e-05
352	6.731132675300945e-05	0.0005931804895401001	0.0006113767380473973	3.125e-05
353	6.777243560010736e-05	0.0005979232609272003	0.0006100313903353777	3.125e-05
354	6.731184030121023e-05	0.0006015555441379547	0.0006091838057156354	3.125e-05
355	6.565136489543048e-05	0.0006014336168766022	0.0006084087868317321	3.125e-05
356	6.71330760825764e-05	0.0005993407249450683	0.0006075019806430658	3.125e-05
357	6.559934182600541e-05	0.0005925072968006134	0.0006060025122588206	3.125e-05
358	6.670824045484717e-05	0.0006003450155258179	0.0006054367625855203	3.125e-05
359	6.601793996312402e-05	0.0006030298292636872	0.000605196069253337	3.125e-05
360	6.717078929597681e-05	0.0005979352474212646	0.0006044699870701298	3.125e-05
361	6.642436507073315e-05	0.0005961964368820191	0.0006036426320513188	3.125e-05
362	6.532973159443248e-05	0.0005971013069152832	0.0006029884995377152	3.125e-05
363	6.557554440064863e-05	0.0005894056379795074	0.0006016302133818944	3.125e-05
364	6.586985926736485e-05	0.0005970715522766113	0.0006011743472713661	3.125e-05
365	6.51294542984529e-05	0.0005950612545013428	0.0006005630379943638	3.125e-05
366	6.595165147022768e-05	0.0005972542345523835	0.0006002321576501657	3.125e-05
367	6.525329527529803e-05	0.0005942950785160065	0.0005996384497367499	3.125e-05
368	6.699315106326884e-05	0.0005961080551147461	0.0005992854102745495	3.125e-05
369	6.508925462310964e-05	0.000596937084197998	0.0005990505776668944	3.125e-05
370	6.582172377543017e-05	0.0005979667246341705	0.0005989421923636221	3.125e-05
371	6.514453847299922e-05	0.000604407000541687	0.0005994886731814286	3.125e-05
372	6.558018286119807e-05	0.0006016251862049103	0.0005997023244837768	3.125e-05
373	6.522603102705696e-05	0.0006007760584354401	0.0005998096978789432	3.125e-05
374	6.43799295479601e-05	0.0006030582904815674	0.0006001345571392056	3.125e-05
375	6.477104019034993e-05	0.0006016238212585449	0.0006002834835511396	3.125e-05
376	6.395685428922826e-05	0.0006014609336853027	0.000600401228564556	3.125e-05
377	6.537918732924895e-05	0.0006026635944843292	0.0006006274651565334	3.125e-05
378	6.412259529937397e-05	0.0006038290739059448	0.0006009476260314746	3.125e-05
379	6.360584660009904e-05	0.0005889981269836425	0.0005997526761266915	3.125e-05
380	6.444748111746527e-05	0.0005919071912765503	0.0005989681276416775	3.125e-05
381	6.443379805846648e-05	0.0005972553551197052	0.0005987968503894803	3.125e-05
382	6.38682639056986e-05	0.0005897027015686036	0.0005978874355073926	3.125e-05
383	6.442517705939032e-05	0.0006042850255966187	0.0005985271945163151	3.125e-05
384	6.376933699304407e-05	0.0005946699380874634	0.0005981414688734299	3.125e-05
385	6.498091234402223e-05	0.0005967306852340699	0.000598000390509494	3.125e-05
386	6.307172287594188e-05	0.0006006294786930084	0.0005982632993278454	3.125e-05
387	6.398761489174583e-05	0.0005965502977371216	0.000598091999168773	3.125e-05
388	6.353720819408243e-05	0.0005924691498279572	0.0005975297142346914	3.125e-05
389	6.371700628237291e-05	0.0005972156107425689	0.0005974983038854792	3.125e-05
390	6.31802041422237e-05	0.0006120640516281128	0.0005989548786597426	3.125e-05
391	6.306107504801317e-05	0.000595869094133377	0.0005986463002071061	3.125e-05
392	6.380993046543815e-05	0.0005933858931064606	0.0005981202594970416	3.125e-05
393	6.370072933760556e-05	0.000596759158372879	0.0005979841493846254	3.125e-05
394	6.288353069262071e-05	0.0005975925028324127	0.0005979449847294041	3.125e-05
395	6.30678808147257e-05	0.0005979023993015289	0.0005979407261866166	3.125e-05
396	6.214284639466893e-05	0.0005987166881561279	0.0005980183223835677	3.125e-05
397	6.377690068700097e-05	0.0005930113792419434	0.0005975176280694053	3.125e-05
398	6.292157349261371e-05	0.0005971125900745392	0.0005974771242699187	3.125e-05
399	6.289873746308414e-05	0.0006080442905426025	0.0005985338408971871	3.125e-05
400	6.219029453667727e-05	0.0005900386393070221	0.0005976843207381706	3.125e-05
401	6.332736638459292e-05	0.0006018481016159058	0.0005981006988259442	3.125e-05
402	6.220984160900116e-05	0.0006022247076034546	0.0005985130997036953	3.125e-05
403	6.206215687773444e-05	0.0005888411819934845	0.0005975459079326742	3.125e-05
404	6.161439391699704e-05	0.0005996106207370758	0.0005977523792131145	3.125e-05
405	6.227549436417493e-05	0.0005936223506927491	0.0005973393763610779	3.125e-05
406	6.270309862765399e-05	0.0005839922904968262	0.0005960046677746528	3.125e-05
407	6.174139935861934e-05	0.0005936914443969727	0.0005957733454368848	3.125e-05
408	6.184071153402329e-05	0.0005971107065677642	0.0005959070815499727	3.125e-05
409	6.098257763819261e-05	0.0005956957876682282	0.0005958859521617983	3.125e-05
410	6.222195367921482e-05	0.0005888182938098908	0.0005951791863266076	3.125e-05
411	6.143320473757658e-05	0.0005949671745300293	0.0005951579851469498	3.125e-05
412	6.36000782251358e-05	0.000590446811914444	0.0005946868678236992	3.125e-05
413	6.0489852997389705e-05	0.0005884856224060059	0.0005940667432819298	3.125e-05
414	6.171075159853154e-05	0.0005998713076114655	0.0005946471997148834	3.125e-05
415	6.127375933257016e-05	0.0005933491230010986	0.000594517392043505	3.125e-05
416	6.184120259501717e-05	0.0006023699760437012	0.0005953026504435246	3.125e-05
417	6.033526117151434e-05	0.0005940422356128693	0.0005951766089604591	3.125e-05
418	6.187501116232439e-05	0.000594401502609253	0.0005950990983253385	3.125e-05
419	6.085244376551021e-05	0.0005878547668457031	0.0005943746651773749	3.125e-05
420	6.161830222064798e-05	0.0005955978870391845	0.0005944969873635558	3.125e-05
421	6.0829664089462976e-05	0.0006010488092899322	0.0005951521695561935	3.125e-05
422	6.0678052495826375e-05	0.0005938082695007324	0.0005950177795506473	3.125e-05
423	6.083499748598446e-05	0.0005933221638202667	0.0005948482179776093	3.125e-05
424	6.075408865105022e-05	0.0005945376455783844	0.0005948171607376869	3.125e-05
425	6.16851887919686e-05	0.000594746071100235	0.0005948100517739418	3.125e-05
426	6.0994205827062783e-05	0.0005831744968891144	0.0005936464962854591	3.125e-05
427	6.0538824173537165e-05	0.0005889919281005859	0.0005931810394669718	3.125e-05
428	6.075509529222142e-05	0.0005811508417129516	0.0005919780196915697	3.125e-05
429	6.0608598454432054e-05	0.0005891833782196045	0.0005916985555443732	3.125e-05
430	5.9968725659630515e-05	0.0006057181835174561	0.0005931005183416815	3.125e-05
431	6.068513136018406e-05	0.0005892817258834838	0.0005927186390958617	3.125e-05
432	5.987127491018989e-05	0.0005889914333820343	0.000592345918524479	3.125e-05
433	6.113930913535032e-05	0.0005964835226535797	0.000592759678937389	3.125e-05
434	5.972474217414856e-05	0.0005970977306365967	0.0005931934841073098	3.125e-05
435	6.0228381644595755e-05	0.0006199675559997558	0.0005958708912965544	3.125e-05
436	6.066132567145608e-05	0.0005872190237045288	0.0005950057045373519	3.125e-05
437	6.005572365088896e-05	0.0005867984294891357	0.0005941849770325303	3.125e-05
438	6.044065789742903e-05	0.0005998471558094024	0.0005947511949102174	3.125e-05
439	5.91855525970459e-05	0.0005903853476047515	0.0005943146101796709	3.125e-05
440	6.044589728116989e-05	0.0005917392253875733	0.0005940570717004612	3.125e-05
441	5.987040779807351e-05	0.0005977805614471436	0.0005944294206751294	3.125e-05
442	5.991100370883942e-05	0.0005934585630893708	0.0005943323349165536	3.125e-05
443	5.9464062614874405e-05	0.0005955202341079712	0.0005944511248356953	3.125e-05
444	5.927699167620052e-05	0.0005961330890655518	0.000594619321258681	3.125e-05
445	5.9923628243533045e-05	0.0006014663934707642	0.0005953040284798894	3.125e-05
446	5.1937865127216685e-05	0.0005859870970249176	0.0005943723353343922	1.5625e-05
447	5.158305005593733e-05	0.0005859685480594635	0.0005935319566068994	1.5625e-05
448	5.207188102332029e-05	0.0005915636837482452	0.000593335129321034	1.5625e-05
449	5.208754336292093e-05	0.0005879871189594268	0.0005928003282848732	1.5625e-05
450	5.220126902515238e-05	0.0005900853633880616	0.0005925288317951921	1.5625e-05
451	5.1959184354001826e-05	0.0005886106729507447	0.0005921370159107474	1.5625e-05
452	5.246862118894403e-05	0.0005883958578109741	0.0005917629001007701	1.5625e-05
453	5.183211673389782e-05	0.0005828279733657837	0.0005908694074272714	1.5625e-05
454	5.1721460304477e-05	0.0005877659142017364	0.0005905590581047179	1.5625e-05
455	5.170969583771446e-05	0.0005862998306751251	0.0005901331353617586	1.5625e-05
456	5.184586603533138e-05	0.0005890921831130982	0.0005900290401368926	1.5625e-05
457	5.1915561204606834e-05	0.0005917075872421265	0.000590196894847416	1.5625e-05
458	5.1181574436751276e-05	0.0005910996198654174	0.0005902871673492162	1.5625e-05
459	5.229128125039014e-05	0.0005859543621540069	0.0005898538868296953	1.5625e-05
460	5.172592306678945e-05	0.0005839483261108399	0.0005892633307578097	1.5625e-05
461	5.1423599774187264e-05	0.0005818648159503937	0.0005885234792770681	1.5625e-05
462	5.1211369850418786e-05	0.000588907915353775	0.0005885619228847388	1.5625e-05
463	5.134330554441972e-05	0.0005880089342594146	0.0005885066240222063	1.5625e-05
464	5.1428323035890405e-05	0.0005834780931472779	0.0005880037709347136	1.5625e-05
465	5.089065554467115e-05	0.0005829891502857208	0.0005875023088698142	1.5625e-05
466	5.124785534360192e-05	0.0005836799144744873	0.0005871200694302815	1.5625e-05
467	5.1204772022637455e-05	0.000585844349861145	0.0005869924974733679	1.5625e-05
468	5.182515382766724e-05	0.00058314368724823	0.0005866076164508541	1.5625e-05
469	5.093131498856978e-05	0.0005931731998920441	0.0005872641747949731	1.5625e-05
470	5.1326572488654745e-05	0.000582722145318985	0.0005868099718473743	1.5625e-05
471	5.102978579022668e-05	0.0005798234701156616	0.000586111321674203	1.5625e-05
472	5.1052027398889715e-05	0.0005805467903614044	0.0005855548685429231	1.5625e-05
473	5.1145557110959835e-05	0.0005908806622028351	0.0005860874479089143	1.5625e-05
474	5.10472374883565e-05	0.0005837157964706421	0.000585850282765087	1.5625e-05
475	5.0975529984994366e-05	0.0005981824874877929	0.0005870835032373576	1.5625e-05
476	5.1374312964352696e-05	0.0005931338846683502	0.0005876885413804569	1.5625e-05
477	5.066709166223352e-05	0.0005902816295623779	0.000587947850198649	1.5625e-05
478	5.08124210617759e-05	0.0005883824169635773	0.0005879913068751419	1.5625e-05
479	5.107327103614807e-05	0.0005850031673908234	0.00058769249292671	1.5625e-05
480	5.1000265235250646e-05	0.0005847135841846466	0.0005873946020525036	1.5625e-05
481	5.060869794000279e-05	0.000584021544456482	0.0005870572962929014	1.5625e-05
482	5.099175531755794e-05	0.00058835888504982	0.0005871874551685933	1.5625e-05
483	5.0736750391396607e-05	0.0005852313101291657	0.0005869918406646506	1.5625e-05
484	5.080934004350142e-05	0.0005872530043125152	0.000587017957029437	1.5625e-05
485	5.0655048137361354e-05	0.000595564204454422	0.0005878725817719356	1.5625e-05
486	5.036206584085118e-05	0.0005855503797531127	0.0005876403615700534	1.5625e-05
487	5.084203237837011e-05	0.0005798562586307526	0.0005868619512761232	1.5625e-05
488	5.054955347017808e-05	0.0005804988205432892	0.0005862256382028399	1.5625e-05
489	4.662069326097315e-05	0.0005795440673828125	0.0005855574811208371	7.8125e-06
490	4.7087616947564215e-05	0.0005808660507202148	0.0005850883380807748	7.8125e-06
491	4.698927348310297e-05	0.0005795379221439362	0.000584533296487091	7.8125e-06
492	4.689880839803002e-05	0.0005806098222732544	0.0005841409490657073	7.8125e-06
493	4.675135260278528e-05	0.0005793220818042755	0.0005836590623395642	7.8125e-06
494	4.689710384065455e-05	0.0005805202007293701	0.0005833451761785448	7.8125e-06
495	4.715309373357079e-05	0.0005808706760406494	0.0005830977261647554	7.8125e-06
496	4.6825535189021714e-05	0.0005816440165042877	0.0005829523551987086	7.8125e-06
497	4.6956400031393226e-05	0.0005834326267242432	0.0005830003823512622	7.8125e-06
498	4.684440710327842e-05	0.0005782768964767456	0.0005825280337638106	7.8125e-06
499	4.6640898964621805e-05	0.0005805989980697632	0.0005823351301944058	7.8125e-06
500	4.697236161340367e-05	0.000578928691148758	0.000581994486289841	7.8125e-06
501	4.6683210947296835e-05	0.0005818843126296998	0.000581983468923827	7.8125e-06
502	4.6877864545041865e-05	0.0005827782869338989	0.0005820629507248342	7.8125e-06
503	4.675700027834285e-05	0.0005826983988285064	0.0005821264955352015	7.8125e-06
504	4.666661593047055e-05	0.0005783578217029571	0.0005817496281519772	7.8125e-06
505	4.6577245538884944e-05	0.0005829821646213531	0.0005818728817989148	7.8125e-06
506	4.687517366626046e-05	0.0005792311489582062	0.000581608708514844	7.8125e-06
507	4.6426125006242234e-05	0.0005785813868045807	0.0005813059763438177	7.8125e-06
508	4.658078686757521e-05	0.0005777637481689453	0.0005809517535263304	7.8125e-06
509	4.652976935560053e-05	0.0005832844495773315	0.0005811850231314306	7.8125e-06
510	4.639800461855802e-05	0.0005876349449157715	0.0005818300153098647	7.8125e-06
511	4.678210670297796e-05	0.0005782172441482544	0.0005814687381937037	7.8125e-06
512	4.634605334563689e-05	0.0005808581173419952	0.0005814076761085328	7.8125e-06
513	4.660246385769411e-05	0.0005811191856861114	0.0005813788270662907	7.8125e-06
514	4.653715125539086e-05	0.0005796652853488922	0.0005812074728945509	7.8125e-06
515	4.618624462322755e-05	0.0005792970716953277	0.0005810164327746286	7.8125e-06
516	4.636483463374051e-05	0.0005806079626083374	0.0005809755857579995	7.8125e-06
517	4.654191326011311e-05	0.0005828189373016357	0.0005811599209123631	7.8125e-06
518	4.6401054750789296e-05	0.0005796484470367431	0.0005810087735248011	7.8125e-06
519	4.669618024067445e-05	0.0005854294836521148	0.0005814508445375325	7.8125e-06
520	4.624736850911921e-05	0.0005815359830856323	0.0005814593583923425	7.8125e-06
521	4.6245610172098335e-05	0.0005923049926757813	0.0005825439218206863	7.8125e-06
522	4.605237977071242e-05	0.0005788021624088287	0.0005821697458795006	7.8125e-06
523	4.630673703822223e-05	0.0005785537302494049	0.000581808144316491	7.8125e-06
524	4.637284224683588e-05	0.0005816152095794678	0.0005817888508427887	7.8125e-06
525	4.442673244259574e-05	0.0005788047790527344	0.0005814904436637833	3.90625e-06
526	4.4384642080827194e-05	0.0005791148900985718	0.0005812528883072622	3.90625e-06
527	4.4328963485631074e-05	0.0005812274694442749	0.0005812503464209635	3.90625e-06
528	4.4414269517768514e-05	0.0005792024672031402	0.0005810455584991812	3.90625e-06
529	4.448866044933146e-05	0.0005796221494674683	0.00058090321759601	3.90625e-06
530	4.424715015021238e-05	0.0005811095535755157	0.0005809238511939606	3.90625e-06
531	4.435558942231265e-05	0.0005783701956272125	0.0005806684856372858	3.90625e-06
532	4.429630474610762e-05	0.0005775516748428344	0.0005803568045578407	3.90625e-06
533	4.4488077813928774e-05	0.0005785650551319122	0.0005801776296152478	3.90625e-06
534	4.435224370522933e-05	0.0005799180090427399	0.000580151667557997	3.90625e-06
535	4.4339837540279735e-05	0.000580820631980896	0.000580218564000287	3.90625e-06
536	4.445240240205418e-05	0.0005795420408248902	0.0005801509116827473	3.90625e-06
537	4.431981620463458e-05	0.0005795759677886963	0.0005800934172933423	3.90625e-06
538	4.4189698045903984e-05	0.0005782334804534912	0.0005799074236093572	3.90625e-06
539	4.427575252272866e-05	0.0005785960257053375	0.0005797762838189553	3.90625e-06
540	4.44917613809759e-05	0.0005784981727600097	0.0005796484727130607	3.90625e-06
541	4.410109587691047e-05	0.0005784001648426056	0.0005795236419260152	3.90625e-06
542	4.4376800006086174e-05	0.0005798992931842804	0.0005795612070518417	3.90625e-06
543	4.4235950301993976e-05	0.0005812462329864502	0.0005797297096453026	3.90625e-06
544	4.427064562385732e-05	0.0005778631687164307	0.0005795430555524154	3.90625e-06
545	4.4123022800142116e-05	0.0005808058083057404	0.0005796693308277479	3.90625e-06
546	4.4282445311546326e-05	0.00058030326962471	0.0005797327247074441	3.90625e-06
547	4.4337356903336264e-05	0.0005781225025653839	0.0005795717024932381	3.90625e-06
548	4.419645179401744e-05	0.0005798595488071442	0.0005796004871246287	3.90625e-06
549	4.422007880427621e-05	0.0005770351707935333	0.0005793439554915192	3.90625e-06
550	4.420467750592665e-05	0.0005798129796981812	0.0005793908579121855	3.90625e-06
551	4.4263017177581785e-05	0.0005803613483905792	0.0005794879069600248	3.90625e-06
552	4.407289001074704e-05	0.0005778371632099152	0.0005793228325850139	3.90625e-06
553	4.406451433897018e-05	0.0005795886814594269	0.0005793494174724552	3.90625e-06
554	4.4123794544826855e-05	0.0005800515174865723	0.0005794196274738669	3.90625e-06
555	4.4187097386880355e-05	0.0005792783796787262	0.0005794055026943529	3.90625e-06
556	4.411730522459204e-05	0.0005788549423217773	0.0005793504466570954	3.90625e-06
557	4.402106905525381e-05	0.0005800630569458007	0.0005794217076859659	3.90625e-06
558	4.416546686129137e-05	0.000579354053735733	0.0005794149422909426	3.90625e-06
559	4.407974115826867e-05	0.0005774907112121582	0.0005792225191830643	3.90625e-06
560	4.4038234651088715e-05	0.0005802742302417755	0.0005793276902889354	3.90625e-06
561	4.4026278907602487e-05	0.0005778903067111969	0.0005791839519311615	3.90625e-06
562	4.4030034135688434e-05	0.0005775891780853272	0.0005790244745465782	3.90625e-06
563	4.406206960027868e-05	0.0005784396469593048	0.0005789659917878508	3.90625e-06
564	4.38144094564698e-05	0.0005775194466114044	0.0005788213372702062	3.90625e-06
565	4.410480179569938e-05	0.0005803094923496246	0.000578970152778148	3.90625e-06
566	4.404591985724189e-05	0.0005773582696914673	0.00057880896446948	3.90625e-06
567	4.378841356797652e-05	0.0005817289173603058	0.0005791009597585626	3.90625e-06
568	4.396602836522189e-05	0.0005779430389404297	0.0005789851676767493	3.90625e-06
569	4.3960786407644095e-05	0.0005809196770191193	0.0005791786186109863	3.90625e-06
570	4.3927209756591106e-05	0.0005763407528400421	0.0005788948320338918	3.90625e-06
571	4.3977378715168345e-05	0.0005770281851291656	0.0005787081673434192	3.90625e-06
572	4.388042986392975e-05	0.0005777800619602203	0.0005786153568050993	3.90625e-06
573	4.392984482375058e-05	0.0005787506878376007	0.0005786288899083495	3.90625e-06
574	4.389593032273379e-05	0.000580918574333191	0.0005788578583508337	3.90625e-06
575	4.3795043365521863e-05	0.0005786773920059204	0.0005788398117163424	3.90625e-06
576	4.391137876293876e-05	0.000579112434387207	0.0005788670739834289	3.90625e-06
577	4.3985267796299675e-05	0.0005792641937732697	0.000578906785962413	3.90625e-06
578	4.380851835012436e-05	0.0005800842761993408	0.0005790245349861058	3.90625e-06
579	4.375072947957299e-05	0.0005786381483078003	0.0005789858963182752	3.90625e-06
580	4.3805771117860624e-05	0.0005781403362751007	0.0005789013403139577	3.90625e-06
581	4.386368312618949e-05	0.0005773576736450196	0.0005787469736470639	3.90625e-06
582	4.398080110549927e-05	0.0005791085302829743	0.0005787831293106549	3.90625e-06
583	4.3694946576248515e-05	0.0005815913438796997	0.0005790639507675594	3.90625e-06
584	4.3850158290429546e-05	0.0005804972887039184	0.0005792072845611953	3.90625e-06
585	4.3845331939783966e-05	0.0005809552907943726	0.0005793820851845131	3.90625e-06
586	4.3969022821296345e-05	0.0005810512781143189	0.0005795490044774937	3.90625e-06
587	4.379207816990939e-05	0.0005759897291660309	0.0005791930769463475	3.90625e-06
588	4.377781830050729e-05	0.0005777090787887573	0.0005790446771305885	3.90625e-06
589	4.27319733933969e-05	0.000578116899728775	0.0005789518993904072	1.953125e-06
590	4.278363328088413e-05	0.0005781367540359497	0.0005788703848549615	1.953125e-06
591	4.277011454105377e-05	0.0005783202886581421	0.0005788153752352796	1.953125e-06
592	4.283904284238815e-05	0.0005780238151550293	0.0005787362192272546	1.953125e-06
593	4.271811693906784e-05	0.0005772717237472534	0.0005785897696792545	1.953125e-06
594	4.273845458572561e-05	0.000578006249666214	0.0005785314176779505	1.953125e-06
595	4.282202801921151e-05	0.0005764369964599609	0.0005783219755561515	1.953125e-06
596	4.2803462256084786e-05	0.0005779807806015015	0.0005782878560606865	1.953125e-06
597	4.2767749320377e-05	0.0005767389833927155	0.0005781329687938894	1.953125e-06
598	4.274467771703547e-05	0.0005778567790985107	0.0005781053498243515	1.953125e-06
599	4.271462966095318e-05	0.000579074215888977	0.0005782022364308142	1.953125e-06
600	4.271068329160864e-05	0.0005774047136306763	0.0005781224841508004	1.953125e-06
601	4.277367185462605e-05	0.0005763207912445068	0.000577942314860171	1.953125e-06
602	4.276089722459967e-05	0.0005774601936340332	0.0005778941027375573	1.953125e-06
603	4.265632222999226e-05	0.0005768290579319	0.0005777875982569915	1.953125e-06
604	4.281054139137268e-05	0.0005775518655776978	0.0005777640249890622	1.953125e-06
605	4.273780909451571e-05	0.0005772908687591553	0.0005777167093660715	1.953125e-06
606	4.267950071529909e-05	0.0005767293751239777	0.000577617975941862	1.953125e-06
607	4.275185059417378e-05	0.0005769703388214111	0.000577553212229817	1.953125e-06
608	4.266261377117851e-05	0.0005760000705718995	0.0005773978980640254	1.953125e-06
609	4.262121224945242e-05	0.000577697777748108	0.0005774278860324337	1.953125e-06
610	4.2657218196175315e-05	0.0005787643253803253	0.0005775615299672229	1.953125e-06
611	4.266566038131714e-05	0.0005761348724365235	0.0005774188642141529	1.953125e-06
612	4.25881490111351e-05	0.0005776124060153961	0.0005774382183942773	1.953125e-06
613	4.2660884694619614e-05	0.0005769734680652618	0.0005773917433613757	1.953125e-06
614	4.2652916366403756e-05	0.0005777866601943969	0.0005774312350446778	1.953125e-06
615	4.262515807693655e-05	0.0005776748716831207	0.0005774555987085222	1.953125e-06
616	4.2615190554748885e-05	0.0005768419742584229	0.0005773942362635123	1.953125e-06
617	4.261625043370507e-05	0.0005777722656726837	0.0005774320392044294	1.953125e-06
618	4.267306178808212e-05	0.0005762508630752564	0.0005773139215915122	1.953125e-06
619	4.268959977410057e-05	0.0005778977155685425	0.0005773723009892153	1.953125e-06
620	4.2595867948098614e-05	0.0005780091285705566	0.0005774359837473494	1.953125e-06
621	4.2532355947928e-05	0.0005779033720493317	0.0005774827225775476	1.953125e-06
622	4.260010136799379e-05	0.0005766587793827057	0.0005774003282580634	1.953125e-06
623	4.259771880778399e-05	0.0005768005847930908	0.0005773403539115661	1.953125e-06
624	4.2671487683599645e-05	0.0005778700172901154	0.0005773933202494211	1.953125e-06
625	4.259961491281336e-05	0.0005768406689167023	0.0005773380551161493	1.953125e-06
626	4.260517440058968e-05	0.0005766974449157715	0.0005772739940961115	1.953125e-06
627	4.268396388400685e-05	0.0005782636880874634	0.0005773729634952467	1.953125e-06
628	4.255958497524261e-05	0.0005783079147338867	0.0005774664586191108	1.953125e-06
629	4.247771352529526e-05	0.0005783885717391968	0.0005775586699311194	1.953125e-06
630	4.2559387602589344e-05	0.0005761483669281006	0.0005774176396308176	1.953125e-06
631	4.24931294538758e-05	0.0005771403849124908	0.0005773899141589849	1.953125e-06
632	4.235297224738381e-05	0.0005769459247589111	0.0005773455152189776	1.953125e-06
633	4.2512783408164975e-05	0.000578581976890564	0.0005774691613861362	1.953125e-06
634	4.253303151239048e-05	0.0005794152975082397	0.0005776637749983466	1.953125e-06
635	4.253890690478412e-05	0.0005788616478443146	0.0005777835622829434	1.953125e-06
636	4.255337078462948e-05	0.0005812093555927276	0.0005781261416139219	1.953125e-06
637	4.250511486421932e-05	0.000577668434381485	0.0005780803708906782	1.953125e-06
638	4.254213002595035e-05	0.0005789862632751465	0.000578170960129125	1.953125e-06
639	4.246156825260683e-05	0.0005792572736740112	0.0005782795914836136	1.953125e-06
640	4.262864210388877e-05	0.0005767907917499542	0.0005781307115102477	1.953125e-06
641	4.247443526983261e-05	0.0005762354612350464	0.0005779411864827276	1.953125e-06
642	4.248396862636913e-05	0.000578205806016922	0.000577967648436147	1.953125e-06
643	4.2030568014491686e-05	0.0005778589010238648	0.0005779567736949188	9.765625e-07
644	4.194641248746352e-05	0.0005765446662902832	0.0005778155629544553	9.765625e-07
645	4.197565019130707e-05	0.0005774851560592651	0.0005777825222649363	9.765625e-07
646	4.193493073636835e-05	0.0005768585205078125	0.000577690122089224	9.765625e-07
647	4.193795770406723e-05	0.0005772995293140411	0.0005776510628117057	9.765625e-07
648	4.1927654363892296e-05	0.0005764712870121002	0.0005775330852317451	9.765625e-07
649	4.193283766508102e-05	0.0005767475426197052	0.0005774545309705412	9.765625e-07
650	4.1966027156873183e-05	0.0005766513884067536	0.0005773742167141624	9.765625e-07
651	4.194496721029282e-05	0.0005770786762237549	0.0005773446626651217	9.765625e-07
652	4.192263876849955e-05	0.0005781363546848297	0.0005774238318670924	9.765625e-07
653	4.18891962278973e-05	0.0005762447357177734	0.0005773059222521606	9.765625e-07
654	4.2045650834386996e-05	0.0005767732203006744	0.000577252652057012	9.765625e-07
655	4.18973604386503e-05	0.0005761790573596955	0.0005771452925872804	9.765625e-07
656	4.198042154312134e-05	0.0005774384796619416	0.0005771746112947466	9.765625e-07
657	4.1917237639427185e-05	0.0005757167398929596	0.0005770288241545679	9.765625e-07
658	4.1876954517581244e-05	0.0005761707365512848	0.0005769430153942396	9.765625e-07
659	4.186028729785572e-05	0.0005767098009586334	0.000576919693950679	9.765625e-07
660	4.1946152259003035e-05	0.0005777203142642975	0.0005769997559820408	9.765625e-07
661	4.189162322066047e-05	0.0005768342554569244	0.0005769832059295292	9.765625e-07
662	4.192196428775787e-05	0.0005766464531421661	0.0005769495306507928	9.765625e-07
663	4.1930619288574564e-05	0.0005762411117553711	0.0005768786887612507	9.765625e-07
664	4.190185462886637e-05	0.0005765984117984772	0.0005768506610649733	9.765625e-07
665	4.1957427290352906e-05	0.0005765447854995727	0.0005768200735084332	9.765625e-07
666	4.1859150474721733e-05	0.0005758493483066559	0.0005767230009882555	9.765625e-07
667	4.186464927413247e-05	0.0005777102530002594	0.0005768217261894559	9.765625e-07
668	4.1892775215885854e-05	0.00057715864777565	0.0005768554183480754	9.765625e-07
669	4.187908064235341e-05	0.0005779353678226471	0.0005769634132955326	9.765625e-07
670	4.18858140707016e-05	0.0005763980686664581	0.0005769068788326251	9.765625e-07
671	4.187450896609913e-05	0.0005763216972351074	0.0005768483606728733	9.765625e-07
672	4.1822355579246176e-05	0.0005772166073322296	0.0005768851853388089	9.765625e-07
673	4.183847281065854e-05	0.0005765961706638336	0.0005768562838713115	9.765625e-07
674	4.190720834515312e-05	0.0005761195957660675	0.0005767826150607871	9.765625e-07
675	4.1883145272731784e-05	0.0005771099150180816	0.0005768153450565166	9.765625e-07
676	4.1832770678130066e-05	0.0005762896597385406	0.0005767627765247191	9.765625e-07
677	4.188950075344606e-05	0.0005759808361530304	0.0005766845824875502	9.765625e-07
678	4.192879850214178e-05	0.0005763436615467072	0.0005766504903934659	9.765625e-07
679	4.189306456934322e-05	0.000577379709482193	0.0005767234123023386	9.765625e-07
680	4.1865773363546894e-05	0.0005762872993946075	0.0005766798010115654	9.765625e-07
681	4.1782370074228804e-05	0.0005766044616699219	0.0005766722670774011	9.765625e-07
682	4.1868067465045235e-05	0.0005772861063480377	0.0005767336510044647	9.765625e-07
683	4.181042977354743e-05	0.0005763709127902984	0.0005766973771830481	9.765625e-07
684	4.182383810931986e-05	0.0005765726387500763	0.0005766849033397508	9.765625e-07
685	4.181873012672771e-05	0.0005777200996875763	0.0005767884229745334	9.765625e-07
686	4.183196384798397e-05	0.0005758293151855469	0.0005766925121956348	9.765625e-07
687	4.183934249661185e-05	0.0005764436542987823	0.0005766676264059496	9.765625e-07
688	4.1841436516154896e-05	0.0005762341558933258	0.0005766242793546873	9.765625e-07
689	4.183558618480509e-05	0.0005755980551242828	0.0005765216569316468	9.765625e-07
690	4.180520190434022e-05	0.0005779969274997711	0.0005766691839884593	9.765625e-07
691	4.1803507506847385e-05	0.0005797565996646881	0.0005769779255560821	9.765625e-07
692	4.185482493855737e-05	0.0005759483397006988	0.0005768749669705438	9.765625e-07
693	4.1933460398153825e-05	0.0005768391907215118	0.0005768713893456406	9.765625e-07
694	4.17810014703057e-05	0.000576127701997757	0.0005767970206108523	9.765625e-07
695	4.180412048643286e-05	0.0005788405239582062	0.0005770013709455878	9.765625e-07
696	4.18007260019129e-05	0.0005786545574665069	0.0005771666895976798	9.765625e-07
697	4.184412929144773e-05	0.0005775812625885009	0.000577208146896762	9.765625e-07
698	4.178181669928811e-05	0.0005767262756824494	0.0005771599597753307	9.765625e-07
699	4.174563627351414e-05	0.0005758004426956177	0.0005770240080673594	9.765625e-07
700	4.176139994101091e-05	0.0005765439331531525	0.0005769760005759387	9.765625e-07
701	4.1825287450443616e-05	0.0005769217789173126	0.000576970578410076	9.765625e-07
702	4.1781673648140646e-05	0.0005771490335464477	0.0005769884239237133	9.765625e-07
703	4.186200201511383e-05	0.0005774035274982453	0.0005770299342811665	9.765625e-07
704	4.181651378219778e-05	0.0005768795013427735	0.0005770148909873271	9.765625e-07
705	4.181213812394576e-05	0.0005762695610523224	0.0005769403579938267	9.765625e-07
706	4.145505807616494e-05	0.0005762321233749389	0.000576869534531938	4.8828125e-07
707	4.150669195435264e-05	0.0005759156763553619	0.0005767741487142803	4.8828125e-07
708	4.14838433265686e-05	0.0005762802183628082	0.0005767247556791331	4.8828125e-07
709	4.150144254619425e-05	0.0005758973658084869	0.0005766420166920684	4.8828125e-07
710	4.141412268985402e-05	0.000575949651002884	0.00057657278012315	4.8828125e-07
711	4.149962406266819e-05	0.0005763765394687653	0.0005765531560577115	4.8828125e-07
712	4.147189584645358e-05	0.00057695432305336	0.0005765932727572764	4.8828125e-07
713	4.149441989985379e-05	0.0005771301567554474	0.0005766469611570936	4.8828125e-07
714	4.146602275696668e-05	0.0005765568971633911	0.0005766379547577234	4.8828125e-07
715	4.146357300606641e-05	0.0005769370138645172	0.0005766678606684028	4.8828125e-07
716	4.1491593014110215e-05	0.0005762381792068481	0.0005766248925222473	4.8828125e-07
717	4.144579294052991e-05	0.0005775538027286529	0.0005767177835428879	4.8828125e-07
718	4.1467165540565144e-05	0.0005764896869659424	0.0005766949738851934	4.8828125e-07
719	4.149055616422133e-05	0.0005760435104370117	0.0005766298275403753	4.8828125e-07
720	4.143715663389726e-05	0.0005762372791767121	0.0005765905727040089	4.8828125e-07
721	4.144194505431435e-05	0.000576542192697525	0.0005765857347033606	4.8828125e-07
722	4.126619750803167e-05	0.0005767944633960724	0.0005766066075726318	2.44140625e-07
723	4.124081310900775e-05	0.0005766785860061646	0.000576613805415985	2.44140625e-07
724	4.133492572741075e-05	0.000576736068725586	0.000576626031746945	2.44140625e-07
725	4.135358726436442e-05	0.0005757775366306305	0.0005765411822353135	2.44140625e-07
726	4.130588471889496e-05	0.0005771803915500641	0.0005766051031667886	2.44140625e-07
727	4.127583300525492e-05	0.0005760335922241211	0.0005765479520725219	2.44140625e-07
728	4.1326881132342596e-05	0.0005762794017791748	0.0005765210970431873	2.44140625e-07
729	4.13004222241315e-05	0.0005776466131210327	0.0005766336486509718	2.44140625e-07
730	4.132747501134872e-05	0.0005765492737293243	0.0005766252111588071	2.44140625e-07
731	4.131639450788498e-05	0.0005757175922393798	0.0005765344492668645	2.44140625e-07
732	4.131474237550389e-05	0.000575805139541626	0.0005764615182943407	2.44140625e-07
733	4.127176309173758e-05	0.000576935076713562	0.0005765088741362628	2.44140625e-07
734	4.1280670734969056e-05	0.0005759914636611938	0.000576457133088756	2.44140625e-07
735	4.12686213850975e-05	0.0005763640940189362	0.000576447829181774	2.44140625e-07
736	4.133711850101298e-05	0.0005764622509479522	0.0005764492713583918	2.44140625e-07
737	4.130120737986131e-05	0.0005770813703536987	0.0005765124812579226	2.44140625e-07
738	4.131389991803603e-05	0.0005760919332504273	0.0005764704264571731	2.44140625e-07
739	4.1296143423427234e-05	0.0005761402428150177	0.0005764374080929576	2.44140625e-07
740	4.130454144694588e-05	0.0005770737171173095	0.0005765010389953928	2.44140625e-07
741	4.128105708143928e-05	0.0005765881836414337	0.000576509753459997	2.44140625e-07
742	4.131550368937579e-05	0.000576894623041153	0.0005765482404181126	2.44140625e-07
743	4.132128574631431e-05	0.0005761688232421875	0.0005765102987005201	2.44140625e-07
744	4.133554764769294e-05	0.0005769767820835113	0.0005765569470388192	2.44140625e-07
745	4.136090563102202e-05	0.0005764833450317382	0.0005765495868381112	2.44140625e-07
746	4.1317883675748655e-05	0.000576110702753067	0.0005765056984296067	2.44140625e-07
747	4.1266648064960136e-05	0.000575868010520935	0.0005764419296387395	2.44140625e-07
748	4.1295407170599154e-05	0.0005766126692295074	0.0005764590035978162	2.44140625e-07
749	4.1280843046578495e-05	0.0005765435457229614	0.0005764674578103309	2.44140625e-07
750	4.1324689306996085e-05	0.0005757971107959747	0.0005764004231088953	2.44140625e-07
751	4.128050384196368e-05	0.0005764192342758178	0.0005764023042255876	2.44140625e-07
752	4.1270243308760905e-05	0.0005764214336872101	0.0005764042171717499	2.44140625e-07
753	4.1323905099521987e-05	0.000576391887664795	0.0005764029842210544	2.44140625e-07
754	4.131771989844062e-05	0.0005755837202072143	0.0005763210578196704	2.44140625e-07
755	4.1290441968224266e-05	0.0005766884088516236	0.0005763577929228657	2.44140625e-07
756	4.130242710763758e-05	0.000576058030128479	0.0005763278166434271	2.44140625e-07
757	4.128957079215483e-05	0.0005758520901203156	0.0005762802439911159	2.44140625e-07
758	4.122931198640303e-05	0.0005767488718032837	0.0005763271067723328	2.44140625e-07
759	4.1273903304880314e-05	0.0005756952047348022	0.0005762639165685798	2.44140625e-07
760	4.122419533404437e-05	0.0005763262033462524	0.000576270145246347	2.44140625e-07
761	4.123078814961694e-05	0.0005762279987335205	0.0005762659305950643	2.44140625e-07
762	4.1284588927572426e-05	0.0005765469372272492	0.0005762940312582828	2.44140625e-07
763	4.122869968414307e-05	0.0005764628469944	0.0005763109128318945	2.44140625e-07
764	4.128311994400891e-05	0.0005764649629592895	0.0005763263178446341	2.44140625e-07
765	4.124951213598251e-05	0.0005763266623020172	0.0005763263522903725	2.44140625e-07
766	4.1251228749752046e-05	0.0005765784084796905	0.0005763515579093044	2.44140625e-07
767	4.123671393502842e-05	0.0005760355949401856	0.0005763199616123925	2.44140625e-07
768	4.127363535490903e-05	0.0005766233205795288	0.0005763502975091061	2.44140625e-07
769	4.128283059055155e-05	0.000576445746421814	0.0005763598424003769	2.44140625e-07
770	4.133402339436791e-05	0.0005763281345367432	0.0005763566716140135	2.44140625e-07
771	4.124439250339161e-05	0.0005760540723800659	0.0005763264116906188	2.44140625e-07
772	4.128994413397529e-05	0.0005766254186630249	0.0005763563123878594	2.44140625e-07
773	4.123392267660661e-05	0.0005758863210678101	0.0005763093132558544	2.44140625e-07
774	4.129741042852402e-05	0.0005754472732543946	0.0005762231092557084	2.44140625e-07
775	4.119390222159299e-05	0.000575743442773819	0.0005761751426075195	2.44140625e-07
776	4.1252693940292704e-05	0.0005764161407947541	0.0005761992424262429	2.44140625e-07
777	4.12449219010093e-05	0.0005760474681854248	0.0005761840650021612	2.44140625e-07
778	4.122534353624691e-05	0.0005763237237930297	0.0005761980308812481	2.44140625e-07
779	4.127569930119948e-05	0.0005764366865158081	0.0005762218964447041	2.44140625e-07
780	4.1259480741891e-05	0.0005762017965316772	0.0005762198864534015	2.44140625e-07
781	4.1273563693870196e-05	0.0005760521173477173	0.000576203109542833	2.44140625e-07
782	4.127299243753607e-05	0.0005762387990951538	0.0005762066784980651	2.44140625e-07
783	4.124596240845594e-05	0.000576186090707779	0.0005762046197190366	2.44140625e-07
784	4.1257036545059894e-05	0.0005763176441192627	0.0005762159221590592	2.44140625e-07
785	4.1279848868196664e-05	0.0005757924318313598	0.0005761735731262893	2.44140625e-07
786	4.1248333589597185e-05	0.0005767245531082153	0.0005762286711244819	2.44140625e-07
787	4.119575253941796e-05	0.0005764806985855103	0.0005762538738705847	2.44140625e-07
788	4.123936701904644e-05	0.0005764010488986969	0.0005762685913733959	2.44140625e-07
789	4.121537980708209e-05	0.0005762454092502594	0.0005762662731610823	2.44140625e-07
790	4.127811843698675e-05	0.0005759956181049347	0.0005762392076554676	2.44140625e-07
791	4.123478653756055e-05	0.0005755475282669067	0.0005761700397166115	2.44140625e-07
792	4.115820052948865e-05	0.0005761765956878662	0.0005761706953137369	1.220703125e-07
793	4.117112660949881e-05	0.0005762628316879272	0.000576179908951156	1.220703125e-07
794	4.1116441921754315e-05	0.0005758394241333008	0.0005761458604693705	1.220703125e-07
795	4.113061428070068e-05	0.0005760505199432373	0.0005761363264167572	1.220703125e-07
796	4.113773446191441e-05	0.000575793319940567	0.0005761020257691382	1.220703125e-07
797	4.118278595534238e-05	0.0005755435943603516	0.0005760461826282595	1.220703125e-07
798	4.114608398892663e-05	0.0005765276968479156	0.0005760943340502251	1.220703125e-07
799	4.1160442205992614e-05	0.0005761304616928101	0.0005760979468144836	1.220703125e-07
800	4.118368327617645e-05	0.0005762534618377685	0.0005761134983168121	1.220703125e-07
801	4.1183316843076185e-05	0.0005761689901351929	0.0005761190474986502	1.220703125e-07
802	4.114001880992543e-05	0.0005765575408935547	0.0005761628968381407	1.220703125e-07
803	4.1172765737230126e-05	0.0005758903741836548	0.0005761356445726921	1.220703125e-07
804	4.112740348685871e-05	0.000576176905632019	0.0005761397706786248	1.220703125e-07
805	4.1193487698381595e-05	0.0005763395786285401	0.0005761597514736163	1.220703125e-07
806	4.1137111457911405e-05	0.0005763957738876343	0.0005761833537150181	1.220703125e-07
807	4.111416041851044e-05	0.0005761981725692749	0.0005761848356004437	1.220703125e-07
808	4.113496840000153e-05	0.0005762907266616821	0.0005761954247065676	1.220703125e-07
809	4.1154398836872795e-05	0.0005757434606552124	0.000576150228301432	1.220703125e-07
810	4.1146301274949855e-05	0.0005762846946716308	0.0005761636749384519	1.220703125e-07
811	4.116487733342431e-05	0.0005760052978992462	0.0005761478372345313	1.220703125e-07
812	4.1155770827423445e-05	0.0005760164260864257	0.0005761346961197207	1.220703125e-07
813	4.109545593911951e-05	0.0005758017122745514	0.0005761013977352039	1.220703125e-07
814	4.1082803905010225e-05	0.0005759442567825318	0.0005760856836399367	6.103515625e-08
815	4.110402681610801e-05	0.0005759291410446167	0.0005760700293804047	6.103515625e-08
816	4.1106089407747443e-05	0.0005760545253753663	0.0005760684789799009	6.103515625e-08
817	4.1083753244443374e-05	0.000575992226600647	0.0005760608537419755	6.103515625e-08
818	4.110998958349228e-05	0.0005763014853000641	0.0005760849168977844	6.103515625e-08
819	4.112029034983028e-05	0.0005763426780700684	0.0005761106930150128	6.103515625e-08
820	4.109726737846028e-05	0.0005760252237319946	0.0005761021460867111	6.103515625e-08
821	4.114030843431299e-05	0.0005759043455123901	0.000576082366029279	6.103515625e-08
822	4.112591377713464e-05	0.0005757308244705201	0.0005760472118734031	6.103515625e-08
823	4.10950322042812e-05	0.0005758926391601563	0.0005760317546020785	6.103515625e-08
824	4.1066782582889906e-05	0.0005762439727783203	0.0005760529764197027	6.103515625e-08
825	4.106099036606875e-05	0.0005757634639739991	0.0005760240251751322	6.103515625e-08
826	4.10690345547416e-05	0.0005761138200759887	0.000576033004665218	6.103515625e-08
827	4.109872051260688e-05	0.0005762656033039093	0.000576056264529087	6.103515625e-08
828	4.1085190800103273e-05	0.0005762412786483764	0.000576074765941016	6.103515625e-08
829	4.106008004058491e-05	0.0005758412599563598	0.0005760514153425503	6.103515625e-08
830	4.109195362437855e-05	0.0005764804601669311	0.0005760943198249885	6.103515625e-08
831	4.10464576699517e-05	0.0005760121822357178	0.0005760861060660615	6.103515625e-08
832	4.107584655284881e-05	0.0005761559247970581	0.0005760930879391612	6.103515625e-08
833	4.108158973130313e-05	0.0005761988878250122	0.0005761036679277463	6.103515625e-08
834	4.109564098444852e-05	0.0005757945537567139	0.0005760727565106431	6.103515625e-08
835	4.108448692343452e-05	0.000576056957244873	0.0005760711765840662	6.103515625e-08
836	4.108840240673585e-05	0.0005760664701461792	0.0005760707059402776	6.103515625e-08
837	4.109274230220101e-05	0.0005758310377597809	0.0005760467391222279	6.103515625e-08
838	4.106506718830629e-05	0.0005757727146148682	0.000576019336671492	6.103515625e-08
839	4.1072472117163915e-05	0.0005760921955108643	0.0005760266225554293	6.103515625e-08
840	4.105629013343291e-05	0.0005758822441101075	0.0005760121847108971	6.103515625e-08
841	4.108486311002211e-05	0.0005761401653289795	0.0005760249827727054	6.103515625e-08
842	4.109618040648374e-05	0.0005758362114429474	0.0005760061056397296	6.103515625e-08
843	4.1107317127964715e-05	0.000575861930847168	0.0005759916881604735	6.103515625e-08
844	4.1061202775348316e-05	0.0005761614859104157	0.0005760086679354676	6.103515625e-08
845	4.11004822362553e-05	0.0005763746976852417	0.000576045270910445	6.103515625e-08
846	4.111508320678364e-05	0.0005759672403335571	0.0005760374678527563	6.103515625e-08
847	4.110232659361579e-05	0.0005761024236679077	0.0005760439634342714	6.103515625e-08
848	4.1101368178020825e-05	0.0005758697986602783	0.0005760265469568721	6.103515625e-08
849	4.108126244761727e-05	0.0005759710311889648	0.0005760209953800814	6.103515625e-08
850	4.107276052236557e-05	0.0005761386394500732	0.0005760327597870806	6.103515625e-08
851	4.1113315658135844e-05	0.0005765534162521362	0.0005760848254335862	6.103515625e-08
852	4.110834815285422e-05	0.0005760335683822632	0.000576079699728454	6.103515625e-08
853	4.1082219779491424e-05	0.0005760177373886108	0.0005760735034944696	6.103515625e-08
854	4.108210206031799e-05	0.0005760312080383301	0.0005760692739488557	6.103515625e-08
855	4.10920957272703e-05	0.0005759072780609131	0.0005760530743600614	6.103515625e-08
856	4.1099439696832134e-05	0.0005761517286300659	0.0005760629397870619	6.103515625e-08
857	4.1083518754352225e-05	0.0005760559141635895	0.0005760622372247147	6.103515625e-08
858	4.1097008775581014e-05	0.0005760265350341797	0.0005760586670056613	6.103515625e-08
859	4.1089687699621376e-05	0.0005764546155929565	0.0005760982618643908	6.103515625e-08
860	4.106832160191102e-05	0.0005762541055679321	0.0005761138462347449	3.0517578125e-08
861	4.102432632988149e-05	0.000576308274269104	0.0005761332890381808	3.0517578125e-08
862	4.1085377741943706e-05	0.0005761494874954224	0.0005761349088839049	3.0517578125e-08
863	4.1039550575343046e-05	0.0005762403011322022	0.0005761454481087347	3.0517578125e-08
864	4.108173278245059e-05	0.0005763339042663574	0.000576164293724497	3.0517578125e-08
865	4.100827412171797e-05	0.0005760006189346313	0.0005761479262455104	3.0517578125e-08
866	4.106239541010423e-05	0.000576209568977356	0.0005761540905186949	3.0517578125e-08
867	4.1077651354399596e-05	0.00057592933177948	0.0005761316146447735	3.0517578125e-08
868	4.106796993450685e-05	0.000576209020614624	0.0005761393552417586	3.0517578125e-08
869	4.106145027008924e-05	0.0005758500576019287	0.0005761104254777756	3.0517578125e-08
870	4.106089811433445e-05	0.0005757774651050568	0.0005760771294405038	3.0517578125e-08
871	4.104863757436926e-05	0.000575955057144165	0.00057606492221087	3.0517578125e-08
872	4.107125482775948e-05	0.0005761020660400391	0.0005760686365937869	3.0517578125e-08
873	4.1050749068910424e-05	0.00057568941116333	0.0005760307140507412	3.0517578125e-08
874	4.106513871388002e-05	0.0005759392499923706	0.0005760215676449042	3.0517578125e-08
875	4.10221974958073e-05	0.0005759265899658203	0.0005760120698769958	3.0517578125e-08
876	4.104063537987796e-05	0.0005762436866760254	0.0005760352315568988	1.52587890625e-08
877	4.102643904360858e-05	0.0005761701345443726	0.0005760487218556462	1.52587890625e-08
878	4.106695015322078e-05	0.0005762054443359375	0.0005760643941036754	1.52587890625e-08
879	4.1026010025631295e-05	0.0005760751008987427	0.0005760654647831822	1.52587890625e-08
880	4.1071215813810176e-05	0.0005758709669113159	0.0005760460149959955	1.52587890625e-08
881	4.100586636499925e-05	0.000575932240486145	0.0005760346375450105	1.52587890625e-08
882	4.1019612686200576e-05	0.0005761061429977417	0.0005760417880902837	1.52587890625e-08
883	4.1043566844680095e-05	0.00057620370388031	0.0005760579796692863	1.52587890625e-08
884	4.105222739956596e-05	0.0005759805917739868	0.0005760502408797564	1.52587890625e-08
885	4.100742367180911e-05	0.0005763207912445068	0.0005760772959162314	1.52587890625e-08
886	4.104393558068709e-05	0.0005761348724365235	0.0005760830535682606	1.52587890625e-08
887	4.1028187085281716e-05	0.0005760704278945923	0.0005760817910008938	1.52587890625e-08
888	4.101695391264829e-05	0.0005763161659240722	0.0005761052284932117	1.52587890625e-08
889	4.1033962910825556e-05	0.0005757473468780517	0.0005760694403316957	1.52587890625e-08
890	4.105835245414214e-05	0.0005759559869766235	0.0005760580949961885	1.52587890625e-08
891	4.105670140548186e-05	0.0005759799718856811	0.0005760502826851377	1.52587890625e-08
892	4.104808108373122e-05	0.000576076865196228	0.0005760529409362467	1.52587890625e-08
893	4.1051802039146425e-05	0.0005761446475982666	0.0005760621116024488	1.52587890625e-08
894	4.10243653438308e-05	0.0005756119728088379	0.0005760170977230877	1.52587890625e-08
895	4.106806259263646e-05	0.000575982666015625	0.0005760136545523415	1.52587890625e-08
896	4.1036805510520933e-05	0.0005762057304382325	0.0005760328621409306	1.52587890625e-08
897	4.104351469061591e-05	0.0005761026620864869	0.0005760398421354862	1.52587890625e-08
898	4.103811180049723e-05	0.0005763112783432007	0.0005760669857562577	1.52587890625e-08
899	4.1052175651897086e-05	0.0005761336088180542	0.0005760736480624375	1.52587890625e-08
900	4.104333262551915e-05	0.0005759211540222168	0.0005760583986584155	1.52587890625e-08
901	4.105012376200069e-05	0.0005761007308959961	0.0005760626318821736	1.52587890625e-08
902	4.100960493087769e-05	0.0005759678840637207	0.0005760531571003284	1.52587890625e-08
903	4.103762250054966e-05	0.0005762133121490478	0.0005760691726052003	1.52587890625e-08
904	4.1044616292823444e-05	0.0005762339353561401	0.0005760856488802944	1.52587890625e-08
905	4.104659150947224e-05	0.0005761999368667603	0.000576097077678941	1.52587890625e-08
906	4.1013123365965753e-05	0.0005760593891143799	0.0005760933088224849	1.52587890625e-08
907	4.105089916424318e-05	0.0005761210918426514	0.0005760960871245015	1.52587890625e-08
908	4.101667485453866e-05	0.0005762240409851074	0.0005761088825105621	1.52587890625e-08
909	4.1039703379977836e-05	0.0005760565757751464	0.0005761036518370206	1.52587890625e-08
910	4.102920686656778e-05	0.0005759091138839721	0.0005760841980417158	1.52587890625e-08
911	4.1058479114012284e-05	0.0005762778043746948	0.0005761035586750137	1.52587890625e-08
912	4.106974235989831e-05	0.000576184868812561	0.0005761116896887685	1.52587890625e-08
913	4.1043386811559854e-05	0.0005761218786239624	0.0005761127085822879	1.52587890625e-08
914	4.104237678376111e-05	0.000576110291481018	0.000576112466872161	1.52587890625e-08
915	4.105465168302709e-05	0.0005759263753890991	0.0005760938577238548	1.52587890625e-08
916	4.106688309799541e-05	0.0005759802103042603	0.0005760824929818954	1.52587890625e-08
917	4.1057926145466894e-05	0.0005761645793914795	0.0005760907016228538	1.52587890625e-08
918	4.104916737838225e-05	0.0005761510133743286	0.0005760967327980012	1.52587890625e-08
919	4.1027014499360865e-05	0.000575990891456604	0.0005760861486638616	1.52587890625e-08
920	4.102786752310666e-05	0.0005761067867279053	0.000576088212470266	1.52587890625e-08
921	4.10176695747809e-05	0.0005760393619537353	0.000576083327418613	1.52587890625e-08
922	4.101349995894865e-05	0.0005762155771255493	0.0005760965523893066	1.52587890625e-08
923	4.1040225462480025e-05	0.0005759504318237305	0.000576081940332749	1.52587890625e-08
924	4.105052108114416e-05	0.0005760770320892334	0.0005760814495083975	1.52587890625e-08
925	4.10100977529179e-05	0.0005760527849197388	0.0005760785830495317	1.52587890625e-08
926	4.103406369686127e-05	0.0005759685754776001	0.0005760675822923386	1.52587890625e-08
927	4.104984375563535e-05	0.0005761048555374146	0.0005760713096168462	1.52587890625e-08
928	4.106835641644218e-05	0.0005760874032974243	0.000576072918984904	1.52587890625e-08
929	4.106214547699148e-05	0.0005763665676116943	0.000576102283847583	1.52587890625e-08
930	4.100876640189778e-05	0.0005761966228485108	0.0005761117177476758	1.52587890625e-08
931	4.103701629421928e-05	0.0005761098146438599	0.0005761115274372942	1.52587890625e-08
932	4.1058688407594505e-05	0.0005761386632919312	0.0005761142410227579	1.52587890625e-08
933	4.1034724766557866e-05	0.0005760550022125244	0.0005761083171417345	1.52587890625e-08
934	4.104294153777036e-05	0.0005760668516159058	0.0005761041705891516	1.52587890625e-08
935	4.101422117515044e-05	0.0005759263277053833	0.0005760863863007747	1.52587890625e-08
936	4.104150493036617e-05	0.0005762521028518677	0.0005761029579558841	1.52587890625e-08
937	4.102276197888635e-05	0.0005760497570037842	0.0005760976378606741	1.52587890625e-08
938	4.104491336779161e-05	0.00057616126537323	0.0005761040006119297	1.52587890625e-08
939	4.105019637129524e-05	0.0005762283384799957	0.0005761164343987363	1.52587890625e-08
940	4.102597480470484e-05	0.0005760257244110108	0.0005761073633999637	1.52587890625e-08
941	4.102671430869536e-05	0.0005759643793106079	0.0005760930649910281	1.52587890625e-08
942	4.103321067311547e-05	0.0005759132385253906	0.0005760750823444644	1.52587890625e-08
943	4.1045781834559005e-05	0.0005761621952056885	0.0005760837936305868	1.52587890625e-08
944	4.106223434209824e-05	0.0005760997295379638	0.0005760853872213245	1.52587890625e-08
945	4.105255779894915e-05	0.0005761371374130249	0.0005760905622404945	1.52587890625e-08
946	4.104577492583882e-05	0.0005759416818618775	0.0005760756742026329	1.52587890625e-08
947	4.1008289564739575e-05	0.0005762006759643555	0.0005760881743788052	1.52587890625e-08
948	4.101703248240731e-05	0.0005763930797576904	0.0005761186649166938	1.52587890625e-08
949	4.1048339957540685e-05	0.000576020097732544	0.0005761088081982788	1.52587890625e-08
950	4.105575382709503e-05	0.0005762060403823853	0.0005761185314166895	1.52587890625e-08
951	4.105489863590761e-05	0.0005759920597076416	0.0005761058842457848	1.52587890625e-08
952	4.104136364026503e-05	0.0005760873556137085	0.0005761040313825772	1.52587890625e-08
953	4.105207296934995e-05	0.0005760118484497071	0.0005760948130892902	1.52587890625e-08
954	4.102515537630428e-05	0.0005761447191238403	0.0005760998036927452	1.52587890625e-08
955	4.104735377159985e-05	0.0005764829397201538	0.0005761381172954861	1.52587890625e-08
956	4.1073067757216367e-05	0.0005760045528411865	0.0005761247608500562	1.52587890625e-08
957	4.1039927168325945e-05	0.0005759769201278686	0.0005761099767778374	1.52587890625e-08
958	4.1031130064617504e-05	0.0005759081602096557	0.0005760897951210193	1.52587890625e-08
959	4.1014067964120345e-05	0.0005760917663574219	0.0005760899922446596	1.52587890625e-08
960	4.1054351898756896e-05	0.0005760980129241943	0.0005760907943126131	1.52587890625e-08
961	4.103673235936599e-05	0.0005761115312576294	0.0005760928680071148	1.52587890625e-08
962	4.1072369841012086e-05	0.0005758649110794067	0.000576070072314344	1.52587890625e-08
963	4.104004041715102e-05	0.0005762381792068481	0.0005760868830035944	1.52587890625e-08
964	4.101580408486453e-05	0.0005760068416595459	0.0005760788788691895	1.52587890625e-08
965	4.1008382629264486e-05	0.0005761619806289673	0.0005760871890451673	1.52587890625e-08
966	4.1036880829117515e-05	0.0005760356664657592	0.0005760820367872265	1.52587890625e-08
967	4.1050471636382016e-05	0.0005759392023086548	0.0005760677533393693	1.52587890625e-08
968	4.1043864326043564e-05	0.000576188188791275	0.0005760797968845599	1.52587890625e-08
969	4.101348925720562e-05	0.0005762215852737427	0.0005760939757234782	1.52587890625e-08
970	4.103040329434655e-05	0.0005761940240859985	0.0005761039805597303	1.52587890625e-08
971	4.103678654540669e-05	0.0005760619640350342	0.0005760997789072608	1.52587890625e-08
972	4.1026292741298673e-05	0.0005758205711841583	0.0005760718581349505	1.52587890625e-08
973	4.1060554710301486e-05	0.0005761498272418976	0.0005760796550456453	1.52587890625e-08
974	4.1029973057183355e-05	0.0005757239639759064	0.0005760440859386714	1.52587890625e-08
975	4.1035727208310906e-05	0.0005759142696857453	0.0005760311043133788	1.52587890625e-08
976	4.107029234821146e-05	0.0005761659443378448	0.0005760445883158254	1.52587890625e-08
977	4.104620719497854e-05	0.0005760240614414215	0.000576042535628385	1.52587890625e-08
978	4.1042562777345834e-05	0.0005761129677295685	0.0005760495788385033	1.52587890625e-08
979	4.1038428382440044e-05	0.0005758816301822663	0.0005760327839728796	1.52587890625e-08
980	4.1059874133630234e-05	0.0005762684106826782	0.0005760563466438596	1.52587890625e-08
981	4.1043178737163545e-05	0.0005757581293582917	0.0005760265249153028	1.52587890625e-08
982	4.106698767705397e-05	0.0005758911669254303	0.0005760129891163156	1.52587890625e-08
983	4.1042723168026314e-05	0.0005759710371494294	0.000576008793919627	1.52587890625e-08
984	4.1036559505896134e-05	0.0005759671270847321	0.0005760046272361376	1.52587890625e-08
985	4.105728349902413e-05	0.0005759223937988282	0.0005759964038924067	1.52587890625e-08
986	4.102186208421534e-05	0.0005760007381439209	0.0005759968373175581	1.52587890625e-08
987	4.1020810875025664e-05	0.0005759571552276611	0.0005759928691085685	1.52587890625e-08
988	4.105237519199198e-05	0.0005757678091526031	0.0005759703631129721	1.52587890625e-08
989	4.1042893718589434e-05	0.0005759499549865722	0.0005759683223003321	1.52587890625e-08
990	4.107912196354432e-05	0.000575965529680252	0.0005759680430383242	1.52587890625e-08
991	4.102814495563507e-05	0.0005757835209369659	0.0005759495908281883	1.52587890625e-08
992	4.104159054431048e-05	0.0005762735188007354	0.0005759819836254431	1.52587890625e-08
993	4.1048252311619843e-05	0.0005758529961109162	0.0005759690848739904	1.52587890625e-08
994	4.1011033003980466e-05	0.0005762041866779327	0.0005759925950543846	1.52587890625e-08
995	4.100481610406529e-05	0.0005761305332183838	0.0005760063888707844	1.52587890625e-08
996	4.1027198325503954e-05	0.0005758862495422363	0.0005759943749379296	1.52587890625e-08
997	4.1030388799580664e-05	0.0005761301755905151	0.0005760079550031882	1.52587890625e-08
998	4.105882387269627e-05	0.0005762672901153564	0.0005760338885144051	1.52587890625e-08
999	4.1051920706575566e-05	0.0005757297098636627	0.0005760034706493309	1.52587890625e-08
1000	4.1040443019433455e-05	0.00057608323097229	0.0005760114466816268	1.52587890625e-08
